condition,protein,DNA_nM,kDa,total_duration_h,mean_velocity,max_velocity,velocity_std,velocity_cv,velocity_range,max_continuous_motion_h,velocity_decay_rate,mean_protein_conc,max_protein_conc,final_protein_conc,protein_conc_at_max_vel,protein_conc_std,protein_conc_cv,mean_vorticity,max_vorticity,vorticity_at_max_vel,mean_divergence,max_divergence,divergence_at_max_vel,mean_shear,max_shear,shear_at_max_vel,mean_strain,max_strain,strain_at_max_vel,mean_correlation_length,max_correlation_length,correlation_length_at_max_vel,mean_distance_[m]_mean,max_distance_[m]_mean,distance_[m]_mean_at_max_vel,mean_power,max_power,power_at_max_vel,total_work,energy_efficiency,mean_energy_per_protein,mean_intensity,max_intensity,intensity_at_max_vel,intensity_std,intensity_cv,kmeans_cluster,hierarchical_cluster,behavioral_class
K401_1p25nM,A,1.25,78.0,43.5,0.0,0.0,0.0,0.0,0.0,0.0,0.0,270.3574775313889,547.3722685328094,446.6049572981904,0.0,192.15251862725398,0.7107349882895131,0.0,0.0,0.0,0.0,0.0,0.0,0.0,0.0,0.0,0.0,0.0,0.0,0.0,0.0,0.0,0.0,0.0,0.0,0.0,0.0,0.0,0.0,0.0,0.0,351.72492742321504,527.7663081786403,179.91423287465025,122.11187197798729,0.3471800331941088,0,0,Slow-Sustained
K401_2p5nM,A,2.5,78.0,43.5,0.0,0.0,0.0,0.0,0.0,0.0,0.0,344.42548622034457,649.2793940480352,538.2653949060394,0.0,222.77264631822092,0.6467948953571432,0.0,0.0,0.0,0.0,0.0,0.0,0.0,0.0,0.0,0.0,0.0,0.0,0.0,0.0,0.0,0.0,0.0,0.0,0.0,0.0,0.0,0.0,0.0,0.0,399.1931045620243,592.926091413252,180.3125966209258,141.57079522948112,0.3546423863829158,0,0,Slow-Sustained
K401_5nM,A,5.0,78.0,43.5,0.0,0.0,0.0,0.0,0.0,0.0,0.0,495.6521734020577,873.3970223940041,752.3597179032884,0.0,294.5259242007288,0.5942189704912653,0.0,0.0,0.0,0.0,0.0,0.0,0.0,0.0,0.0,0.0,0.0,0.0,0.0,0.0,0.0,0.0,0.0,0.0,0.0,0.0,0.0,0.0,0.0,0.0,494.76966651076054,734.8244467966654,179.7854280710222,187.1696098866366,0.3782964529871112,0,0,Slow-Sustained
K401_10nM,A,10.0,78.0,43.5,0.0,0.0,0.0,0.0,0.0,0.0,0.0,677.9079882174582,1149.2209264683934,1031.7694850512908,0.0,390.7659219496556,0.5764291448713632,0.0,0.0,0.0,0.0,0.0,0.0,0.0,0.0,0.0,0.0,0.0,0.0,0.0,0.0,0.0,0.0,0.0,0.0,0.0,0.0,0.0,0.0,0.0,0.0,611.6836292293945,911.2004171873544,180.8768198185498,248.32960075345358,0.4059771896565253,0,0,Slow-Sustained
K401_20nM,A,20.0,78.0,43.5,1.4243100390427241e-09,3.3450762054299547e-08,2.9688218430138276e-09,2.0843929773949825,3.3450762054299547e-08,,0.0,793.809586998194,1414.2413857088454,1314.6373993442642,793.809586998194,505.4568658188291,0.6367482505851608,2.5026187266536957e-05,0.0003905174420401,4.942317462838976e-05,0.0007482819625910946,0.0306154066494817,0.0186431648849214,-6.46258713067546e-08,1.2710468818286078e-06,-7.275595044210216e-06,1.17385921538325e-07,8.234990503092338e-06,8.234990503092338e-06,0.00028450585926997185,0.0004776115069944,0.0002303472027536,0.00016170550931649184,0.0002151390772842,1.6056365786063782e-05,3.204645283022583e-22,4.217704434900475e-20,4.217704434900475e-20,1.0447143622653614e-19,inf,inf,686.0952175335495,1080.3762236659445,686.0952175335495,321.215066709561,0.4681785537935976,0,0,Slow-Sustained
K401_40nM,A,40.0,78.0,43.5,2.9835527192871885e-09,9.155116509852233e-08,6.181349597821343e-09,2.0718084040754445,9.155116509852233e-08,0.1666666666666667,0.0,797.3923719994702,1417.6662691108618,1286.4030651421574,1.9521534600328465,510.34664687933434,0.6400194744773322,3.368266732832937e-06,0.0079921480740697,-0.0135521218741192,0.0007010052461981761,0.0109122383690949,-0.0349220764508428,3.0512414012674943e-07,7.962680918297286e-06,7.962680918297286e-06,-1.8188222639751152e-07,3.1510536461452848e-06,3.1510536461452848e-06,0.00025266653335494633,0.0004217431874247,0.0002292393508151,0.000328930454026307,0.0004619463653571,3.698124184007006e-05,1.751318982347687e-21,3.1899171759280085e-19,3.1899171759280085e-19,9.14188508785492e-19,inf,inf,685.0106339675169,1079.1912944993871,179.51273663913292,324.32249576189145,0.47345614751036225,0,0,Slow-Sustained
K401_80nM,A,80.0,78.0,43.5,7.0968815843181835e-09,1.868499104464315e-07,1.3032944443209446e-08,1.8364325638472037,1.868499104464315e-07,,0.0,767.9683165652531,1442.4959894755802,1318.6928312653845,767.9683165652531,524.2031844393298,0.6825843893975138,0.000337163853306591,0.0826620522974978,0.0654293670874881,0.001039065927788424,0.028422781775101,-0.0188070990006499,2.886593105439404e-07,1.4176294653492646e-05,-4.239861320527592e-05,-1.0011310225372197e-07,1.145134005242441e-05,-0.0001345717458292,0.0002003998584349354,0.000370817109954,0.0003067361363507,0.0007130129861367992,0.0010964216152784,2.2421989253571784e-05,1.1097367932501874e-20,7.421400991723759e-19,7.421400991723759e-19,1.4504259887779934e-17,inf,inf,669.9254772946285,1098.5841148627176,669.9254772946285,333.12824940317796,0.49726165177126186,0,0,Slow-Sustained
K401_160nM,A,160.0,78.0,43.5,1.1397348141011318e-08,2.7955352771046225e-07,1.810699325796465e-08,1.588702304601004,2.7955352771046225e-07,,0.0,854.3249524399413,1547.097312735014,1384.0611319436,0.0,557.5171628092291,0.6525820897738819,0.0009520677365263244,0.0633307076778223,-0.0322220653225684,0.0012171720626749664,0.0335523566568764,0.0173207665882163,3.656037029904328e-08,3.065267654113951e-05,-2.8299315607821085e-05,3.0752415832027664e-07,2.1168115126159543e-05,1.3192276389327244e-05,0.00019214125322144257,0.0003992989267956,0.0003429034592082,0.001121653336039066,0.001771470711662,0.0,2.1915508180867474e-20,1.3292792244258305e-18,1.3292792244258305e-18,5.73090538929686e-17,inf,inf,719.6065583498785,1159.8595947118038,176.68773550417308,354.29909999022635,0.49235112698620415,0,0,Slow-Sustained
Kif3_1p25nM_1,H,1.25,93.0,3.977777777777778,1.1056657425141942e-08,2.482664364724644e-07,1.1860193067980535e-08,1.0726743727278207,2.482664364724644e-07,,0.0,13.795096393328532,39.08350777087501,39.08350777087501,13.795096393328532,9.888583851886244,0.716818757183058,0.0009629887065137117,0.0334951778122859,0.0084656601937807,0.007634405815529348,0.0577923574443531,-0.0074210741331066,-2.361881984654739e-06,3.1396746806125995e-05,8.643418446102753e-06,1.6273256849222828e-06,3.352049780617814e-05,-3.264672351293964e-05,6.424373265113994e-05,0.000126483499516,8.647814501759638e-05,0.00010865875954452893,0.0001584936216089,3.904050592420345e-06,1.1942561932254264e-19,1.648364626943434e-17,1.648364626943434e-17,1.9549973883100267e-16,inf,inf,181.7774331132571,188.37888622283936,181.7774331132571,2.581380919655573,0.014200777706258147,0,0,Multiphase
Kif3_2p5nM_1,H,2.5,93.0,3.977777777777778,4.397497763802745e-08,2.251549505658126e-07,4.5840665865788416e-08,1.0424261324955764,2.251549505658126e-07,0.4666666666666667,0.0,45.88789064093944,133.84618767331642,133.84618767331642,0.0,40.28093090074245,0.877811778622165,0.016681327913515617,0.1960705143568999,-0.0058419949600229,0.010404103257522132,0.1332365739941,-0.0162443035412555,6.054170548141578e-06,0.0001159742502629,3.995325879453795e-06,1.2810301609288381e-06,7.158426919596178e-05,3.2191543266035054e-05,0.00011451222193833459,0.0002853268878805,0.0002424902208783,0.00041727891959644666,0.0006310866385619,0.0,4.72284996976537e-19,6.043835813011016e-18,1.724267086324885e-18,6.300281859667008e-16,inf,inf,189.58625957568486,212.5474715232849,177.6073830127716,10.515198941586256,0.05546392953329234,0,0,Multiphase
Kif3_5nM_1,H,5.0,93.0,3.977777777777778,3.887863761494786e-08,3.076478032134708e-07,6.535138892859357e-08,1.6809073809589357,3.076478032134708e-07,0.3333333333333334,0.0,45.562784264361014,123.18403914273144,123.18403914273144,45.562784264361014,39.45063641294582,0.8658521872598535,0.008733846696732668,0.2582314531764,0.1737417071558999,-0.008296082095957748,0.0910108409813112,-0.1163380269391999,2.3773552062145655e-06,0.0001228744667707,2.81188039387174e-06,4.650423678938844e-07,0.0001097146243231,5.273207889032686e-05,7.982702986227e-05,0.000199842385427,0.0001795255456179,0.00041955897589582297,0.0005586034227513,0.0002041088976725,1.0220523672794694e-18,6.747438231137442e-18,5.873339720706001e-18,9.770820631191725e-16,inf,inf,189.38791372511122,209.65067625045776,189.38791372511122,10.298453411528929,0.05437756406397037,0,0,Multiphase
Kif3_10nM_1,H,10.0,93.0,3.977777777777778,3.172929933961999e-08,3.185666952022407e-07,4.869183343593732e-08,1.5346015969264224,3.185666952022407e-07,0.1555555555555555,0.0,69.5219732693405,172.1811919268517,172.1811919268517,4.280042778907422,53.50081210183633,0.7695525541912434,0.00124760457800329,0.1315357671209,0.0371362579192511,-0.0060135753214428265,0.0560749598600344,-0.0137384931186416,1.2914635997430061e-06,0.0001139497807003,9.233153733820958e-06,6.400569710784745e-07,9.069063957178612e-05,3.348469135576057e-05,7.720571241207188e-05,0.0002428016282361,0.0002381423900391,0.0003514355516674438,0.0004559974461396,8.9155008724497e-05,1.3037249426709776e-18,5.824752260960343e-18,3.578963918970919e-18,8.630659120481866e-16,inf,inf,195.3570962323083,222.15593338012687,178.3259139060974,13.966203615638511,0.07149063886080004,0,0,Multiphase
Kif3_20nM_1,H,20.0,93.0,3.977777777777778,6.848019983276221e-08,5.980449302511301e-07,7.393474711847267e-08,1.0796514510622224,5.980449302511301e-07,0.0888888888888889,0.0,113.72159941883612,279.9142996168126,279.9142996168126,113.72159941883612,86.0364455318232,0.7565532490881647,-1.85042076060053e-05,0.1580290931516,0.0383978108787057,-0.020190602132431283,0.1116610301738,0.0073200746611051,7.21243233082443e-07,0.000265876245012,9.618404664874628e-09,-3.2857314503361447e-06,0.0001311044118457,2.710177015494618e-06,0.00010236946644226686,0.0003562317039433,0.0003472140292508,0.0004491974430141331,0.0009849876605305,7.539458763772531e-05,2.266724169533503e-18,3.6400685916907406e-17,5.933392696560588e-18,1.5753732978257846e-15,inf,inf,208.83029403421614,252.2143287658692,208.83029403421614,22.45951920086822,0.10754914321572664,0,0,Multiphase
Kif3_40nM_1,H,40.0,93.0,3.977777777777778,1.003927009252193e-07,7.251843287840249e-07,9.585893861080233e-08,0.9548397216865986,7.251843287840249e-07,0.06666666666666671,0.0,147.7587271078898,376.0241987199115,376.0241987199115,1.864895248962768,115.99445727086197,0.7850260999214325,-0.0022441978010818604,0.1513717462502,-0.0633004731482246,-0.010088646324882863,0.1532914159387,-0.0036082267611374,3.0435226783195856e-06,0.0002656105127601,7.363619970954351e-05,-7.406438773352445e-07,0.0001433178867644,1.5709110338305385e-05,8.384312942607313e-05,0.0004211667994039,0.0004176605524762,0.0006870959761183317,0.0014390502770854,0.0,1.0663242507696351e-17,3.0880713162444556e-17,6.029480560200914e-18,1.051395711258861e-14,inf,inf,217.37288766437106,276.9608066082001,179.2878029346466,30.27995547893255,0.1392995962113064,0,0,Multiphase
Kif3_80nM_1,H,80.0,93.0,3.977777777777778,3.382631727205372e-08,6.661438505584632e-07,7.393194391023032e-08,2.1856338458490914,6.661438505584632e-07,0.06666666666666671,0.0,100.30467694789738,237.92925032850988,237.92925032850988,100.30467694789738,72.16210510743966,0.7194291164002632,-0.00024111223395570396,0.1433153304927999,0.0024122248923648,-0.009135699359480168,0.0697287433546939,-0.1311798260311,8.651692520076739e-07,0.0001307155032978,7.557937488365568e-05,3.0198577634577737e-06,0.000185134783341,-1.894524257622867e-05,7.202245258131327e-05,0.0003725196679351,0.0003532453814814,0.0003371987192558471,0.0004861315638861,0.0001026994871249,1.1031839767107626e-18,1.436737414398495e-17,7.112348967441659e-18,1.0767075612697045e-15,inf,inf,204.6095582683881,240.53598141670227,204.6095582683881,18.837670189851533,0.09206642323689493,0,0,Multiphase
Kif3_160nM_1,H,160.0,93.0,3.977777777777778,4.430851659538991e-08,6.968006030745057e-07,9.446429004003455e-08,2.131966883537309,6.968006030745057e-07,0.0888888888888889,0.0,68.66628632840649,160.2902733430821,160.2902733430821,68.66628632840649,51.06673142536518,0.7436943827299924,-0.0017370191534002073,0.0572796711997163,-0.0425652967981441,0.00011034974426428156,0.0549189391928541,0.0114788329483805,-6.701767948271162e-07,5.57049561750431e-05,-3.449343107128871e-05,-1.9896740491323828e-06,3.234796656053744e-05,-7.401792695543632e-05,0.00010064029378120158,0.0004432695264742,0.0004432189459572,0.0004482028076040415,0.0006321987524841,5.574404824596046e-06,5.363737126657199e-19,1.0532659848817609e-17,4.943225223327553e-18,7.702326513879745e-16,inf,inf,194.6437371002303,218.56186485290527,194.6437371002303,13.330795198290016,0.0684881794651601,0,0,Multiphase
C_1p25nM,C,1.25,78.0,30.83333333333333,1.4001212928642027e-09,1.824520451637255e-08,1.5751852403613933e-09,1.1250348440448794,1.824520451637255e-08,0.2083333333333286,0.0,374.23423724295816,646.755832091671,544.2368377714963,0.0,215.9562851741718,0.577061806971899,2.144642598952586e-05,0.0020490072119315,0.0012491632509836,-3.816262673195339e-05,0.0010589765223112,-0.0004649205260126,-2.4321922645745463e-08,2.654805853846714e-06,-1.5830583844776924e-06,-3.2211656886613815e-09,4.815145513533993e-07,4.5623027590679053e-07,0.0002690688617330914,0.0003704416995496,0.0003009428488617,8.705137282910113e-05,0.000154465109557,0.0,1.1517241381824559e-22,7.351219857267745e-21,7.351219857267745e-21,1.7091586210627657e-19,inf,inf,285.0030700296364,356.1438982486725,187.31050515174863,56.374648016153344,0.19780365176519382,0,0,Slow-Sustained
C_2p5nM,C,2.5,78.0,30.83333333333333,1.4128848213201415e-09,2.4587395993900043e-08,1.4276769711965072e-09,1.0104694661965046,2.4587395993900043e-08,,0.0,411.6004634112629,711.0534955650444,621.1533599872622,0.0,237.78452117930564,0.5777071269759873,-7.739467487629711e-06,0.0019735923453127,0.001421372617433,-2.8946035375337527e-05,0.0010306683364131,0.0004970913645716,3.0251426867481726e-08,1.0636992910041671e-06,-9.80042332067553e-07,-7.13779176196681e-08,1.1220721363943575e-06,6.320221310786025e-07,0.0001920206103574368,0.0004990727248941,0.0004990727248941,8.673059980515742e-05,0.0001554100259133,0.0,3.6670049064594682e-22,9.057247907872588e-21,4.854308757053776e-21,5.441835281185846e-19,inf,inf,293.8313813449552,372.0025689601898,186.38449120521545,62.07283420513359,0.21125324980949084,0,0,Slow-Sustained
C_5nM,C,5.0,78.0,30.83333333333333,1.2809327317860162e-08,5.36299775701326e-08,1.4126279847937069e-08,1.1028119976480473,5.36299775701326e-08,5.0,0.0,510.89431100379187,880.3899132656543,796.7871284261998,510.89431100379187,296.1413526259859,0.5796528680151773,0.00027243110841140757,0.0282938172374854,-0.0069335206575826,0.0016477400715487992,0.0272861874085106,0.00331796260238,5.737008448252298e-07,3.3388411221633405e-05,-3.498240027943668e-06,-8.911406339308062e-07,1.5812253838094567e-05,-9.404120915753838e-06,0.0001974955060289991,0.0004686428222435,0.0001967620880363,0.0007524662605980217,0.0014236384428232,0.0006975353394692,2.1728501329809093e-20,1.4858069348451982e-19,1.4858069348451982e-19,3.2245095973436727e-17,inf,inf,320.7274317613384,417.1829922199249,320.7274317613384,77.30668502587395,0.24103546304514376,0,0,Slow-Sustained
C_10nM,C,10.0,78.0,30.83333333333333,2.6783516289023515e-08,9.341194320420221e-08,2.563462601515612e-08,0.9571045765063254,9.341194320420221e-08,5.624999999999998,0.0,683.0763960332258,1146.31834242124,1053.7206796000737,683.0763960332258,393.3803451627363,0.5758950937950457,-0.00045316921595549113,0.039710902087025,-0.0102415590713536,-0.0026864861024040523,0.0341986051676092,-0.0156798384935963,7.408203662126207e-07,3.529942923762447e-05,-5.936070029080256e-06,-7.881119556348263e-07,4.232598074226028e-05,1.390678332044045e-05,0.00017333073147093585,0.0003852461655074,5.317017533166247e-05,0.0015444687730543473,0.0029798502305187,0.0014605913998825,6.428633424520517e-19,6.783174404560665e-18,6.1730333604768834e-18,9.540092001988449e-16,inf,inf,365.3150169401361,486.242739200592,365.3150169401361,102.69059072365673,0.2811014767030082,0,0,Slow-Sustained
C_20nM,C,20.0,78.0,30.83333333333333,4.9243802813108626e-08,1.964160762225223e-07,5.086278101564623e-08,1.0328767907848626,1.964160762225223e-07,6.249999999999998,0.0,977.4767695615039,1636.336935374652,1521.8973862092375,977.4767695615039,598.6411683448853,0.6124351871947153,-0.001195161886644292,0.0514179668856057,0.0022668998232037,-0.0022964739939677634,0.0298793855269975,-0.0156217239911528,-1.2039210142597907e-06,3.519648251381279e-05,-4.324254912439677e-06,2.166419028510139e-07,4.317387200805372e-05,5.293209303243968e-06,0.0001220810939829915,0.0004307071338069,3.836047436218814e-05,0.0032871338801121392,0.0054776666221654,0.0029094133424351,4.368673133136864e-18,5.243437788325065e-17,5.243437788325065e-17,6.129248405791014e-15,inf,inf,444.60978482073585,616.6029727458954,444.60978482073585,156.27322504739018,0.351483998739251,0,0,Slow-Sustained
C_40nM,C,40.0,78.0,30.83333333333333,2.576525941146048e-08,1.2075527210855546e-07,2.2035000576176615e-08,0.8552213748088779,1.2075527210855546e-07,0.4166666666666661,0.0,1068.3914932781825,1938.5705757648968,1877.556413516361,1068.3914932781825,723.3153338693584,0.6770133779799996,-0.0029787547719778234,0.034991792193149,0.0001714228497306,-0.008162819971420869,0.0121586190740136,-0.0139364424857519,8.39402803075325e-07,3.4712924993151e-05,3.5187754900213333e-06,-1.9713073264200913e-07,4.456631233722746e-05,-2.8623154502240013e-06,0.0001149967120956956,0.0003712252676515,6.012748211292343e-05,0.001609582878907686,0.0028670697627558,0.001420978356153,5.32123590821207e-19,8.066704755128638e-18,8.066704755128638e-18,7.89671408778671e-16,inf,inf,465.497048920433,692.6543157100677,465.497048920433,188.81898861468454,0.4056287554402073,0,0,Slow-Sustained
C_80nM,C,80.0,78.0,30.83333333333333,3.348424193915095e-08,1.257843589899089e-07,2.9610733577081582e-08,0.8843184692934523,1.257843589899089e-07,3.333333333333334,0.0,1012.7046562678768,1876.5175725443207,1837.0599669088888,1012.7046562678768,691.3511213279457,0.6826779328494291,-6.441182360310777e-05,0.0407675848192026,0.0041465681012841,-0.008218954508793685,0.0206819928123374,-0.0175761961529053,9.402257080163557e-07,4.314971966048661e-05,3.479653187917855e-06,-4.793594214521018e-07,6.937738120868054e-05,-2.096568406941072e-06,0.00011052403443643183,0.0003691138719472,4.9718438461575445e-05,0.0020645370351386554,0.0037256872288828,0.0018207883930766,1.2109720258198035e-18,1.2801130277006977e-17,1.2801130277006977e-17,1.7970824863165895e-15,inf,inf,450.10459922144076,675.6000001430511,450.10459922144076,180.4748404937705,0.40096200040155816,0,0,Slow-Sustained
C_160nM,C,160.0,78.0,30.83333333333333,3.8475773144997837e-08,1.4504443316490264e-07,3.59738879126405e-08,0.9349750498078659,1.4504443316490264e-07,5.208333333333334,0.0,765.7484955293313,1509.450102505939,1482.2282725241332,765.7484955293313,547.5882545154714,0.7151019658705898,-0.0011581208178222742,0.0326477338781993,-0.0152661678166299,-0.0049890200710048325,0.028724203169126,0.0141084660487004,8.943650962383197e-08,3.9509367515e-05,4.008914033193833e-06,9.609419544722127e-07,5.6661537734665984e-05,4.6742142151255486e-06,0.00012239296339701427,0.0003326245783824,4.354091976483857e-05,0.0022045247972858916,0.0042815716438853,0.0017873587739264,2.1771709013777245e-18,2.2194068808694466e-17,2.2194068808694466e-17,3.230921617644545e-15,inf,inf,383.71879276013215,577.8595480918884,383.71879276013215,142.946036885161,0.372528110643042,0,0,Slow-Sustained
E_1p25nM,E,1.25,93.0,30.83333333333333,0.0,0.0,0.0,0.0,0.0,0.0,0.0,294.40600633537383,534.6506666432774,480.4262322679194,0.0,180.67862087262515,0.61370562075695,0.0,0.0,0.0,0.0,0.0,0.0,0.0,0.0,0.0,0.0,0.0,0.0,0.0,0.0,0.0,0.0,0.0,0.0,0.0,0.0,0.0,0.0,0.0,0.0,263.1522649550598,325.86731004714966,186.2985861301422,47.16553467070133,0.17923286610797776,0,0,Slow-Sustained
E_2p5nM,E,2.5,93.0,30.83333333333333,0.0,0.0,0.0,0.0,0.0,0.0,0.0,424.108758613697,756.1797419732917,702.6088598178147,0.0,254.92497930361031,0.6010839769895223,0.0,0.0,0.0,0.0,0.0,0.0,0.0,0.0,0.0,0.0,0.0,0.0,0.0,0.0,0.0,0.0,0.0,0.0,0.0,0.0,0.0,0.0,0.0,0.0,295.2699685384763,381.95596051216125,184.55783081054688,66.5472920465156,0.22537778689756555,0,0,Slow-Sustained
E_5nM,E,5.0,93.0,30.83333333333333,0.0,0.0,0.0,0.0,0.0,0.0,0.0,657.4341197083606,1031.5311213393525,891.8758766169957,0.0,339.6552250710379,0.5166376597881925,0.0,0.0,0.0,0.0,0.0,0.0,0.0,0.0,0.0,0.0,0.0,0.0,0.0,0.0,0.0,0.0,0.0,0.0,0.0,0.0,0.0,0.0,0.0,0.0,358.06072612416824,455.71746611595154,186.43980264663696,88.66583227612026,0.2476279184145226,0,0,Slow-Sustained
E_10nM,E,10.0,93.0,30.83333333333333,0.0,0.0,0.0,0.0,0.0,0.0,0.0,976.5438049376388,1508.3776578182749,1375.1760910264031,0.0,512.128834503448,0.5244299660844729,0.0,0.0,0.0,0.0,0.0,0.0,0.0,0.0,0.0,0.0,0.0,0.0,0.0,0.0,0.0,0.0,0.0,0.0,0.0,0.0,0.0,0.0,0.0,0.0,439.48382588520946,578.3172302246094,184.5604128837585,133.68947683448894,0.3041965800793949,0,0,Slow-Sustained
E_20nM,E,20.0,93.0,30.83333333333333,0.0,0.0,0.0,0.0,0.0,0.0,0.0,1235.5238251433777,1985.791921094828,1899.690527883933,0.0,697.2709737587933,0.5643525115170301,0.0,0.0,0.0,0.0,0.0,0.0,0.0,0.0,0.0,0.0,0.0,0.0,0.0,0.0,0.0,0.0,0.0,0.0,0.0,0.0,0.0,0.0,0.0,0.0,509.48659957815335,705.3415143489838,186.95734000206,182.0201976794965,0.3572619924257209,0,0,Slow-Sustained
E_40nM,E,40.0,93.0,30.83333333333333,0.0,0.0,0.0,0.0,0.0,0.0,0.0,1570.7104486143264,2494.339887615812,2327.5746067095783,0.0,917.798607031128,0.584320686120606,0.0,0.0,0.0,0.0,0.0,0.0,0.0,0.0,0.0,0.0,0.0,0.0,0.0,0.0,0.0,0.0,0.0,0.0,0.0,0.0,0.0,0.0,0.0,0.0,594.4050318826766,835.515331029892,184.3764531612396,239.58818044756697,0.4030722614993892,0,0,Slow-Sustained
E_80nM,E,80.0,93.0,30.83333333333333,0.0,0.0,0.0,0.0,0.0,0.0,0.0,1433.741756636733,2358.780895915992,2227.143591995912,0.0,874.4530348221514,0.6099097210319385,0.0,0.0,0.0,0.0,0.0,0.0,0.0,0.0,0.0,0.0,0.0,0.0,0.0,0.0,0.0,0.0,0.0,0.0,0.0,0.0,0.0,0.0,0.0,0.0,559.2156109265833,800.6939074993134,184.9422397613525,228.27296739706918,0.408202065423095,0,0,Slow-Sustained
E_160nM,E,160.0,93.0,30.83333333333333,0.0,0.0,0.0,0.0,0.0,0.0,0.0,560.3870912259988,989.1702927677312,923.8065230348308,0.0,350.7396106734042,0.625888098003946,0.0,0.0,0.0,0.0,0.0,0.0,0.0,0.0,0.0,0.0,0.0,0.0,0.0,0.0,0.0,0.0,0.0,0.0,0.0,0.0,0.0,0.0,0.0,0.0,328.12304061211194,440.0554256439209,181.8359112739563,91.55937314391552,0.27903975585838764,0,0,Slow-Sustained
G_1p25nM,G,1.25,93.0,30.83333333333333,1.3103055289563253e-09,2.3041700925107712e-08,1.063656620809071e-09,0.8117622930709044,2.3041700925107712e-08,,0.0,357.2602905432205,643.1564497294056,536.8908954762886,357.2602905432205,217.4411995866009,0.6086352313490474,-2.8617591715968355e-05,0.0016226604356525,-0.0065317204872272,-0.00021957616733549713,0.0018850595961916,0.0018850595961916,2.2733621862409476e-08,1.7228179728181955e-06,-8.310318905355031e-06,3.488457069498596e-08,1.4336624437725416e-06,1.0555883797134616e-06,0.00021578856719727492,0.0003849231863323,0.0002132725205007,8.076522797103723e-05,0.0001451097862473,5.265067277962857e-05,1.6880905964397014e-22,2.3344751920605303e-20,2.3344751920605303e-20,2.5051264451165177e-19,inf,inf,281.0292522955261,355.6614646911621,281.0292522955261,56.76227983370982,0.2019799695941242,0,0,Slow-Sustained
G_2p5nM,G,2.5,93.0,30.83333333333333,2.260267053711729e-09,1.4621610108711532e-08,1.7979569306714418e-09,0.7954621679411297,1.4621610108711532e-08,,0.0,400.560907439147,704.8784956694342,577.2023458340816,400.560907439147,234.9386512190864,0.5865241636311656,-4.030277306533681e-05,0.0095075394233231,0.0095075394233231,0.00046462762219297716,0.0060767456964287,-0.0128744843001635,7.156587700520284e-08,6.537716296303503e-06,6.537716296303503e-06,-3.2519698744554096e-08,4.018458020882192e-06,1.8545500176808657e-06,0.0001792030812180584,0.0004616730270305,0.0002936397926339,0.0001602725681618518,0.0002506182512124,6.355981098773361e-05,3.9605169794447964e-22,5.025322814014125e-21,4.9589596713844466e-21,5.877407197496089e-19,inf,inf,289.07334838297544,368.51441168785095,289.07334838297544,61.329929606743676,0.21216044284197186,0,0,Slow-Sustained
G_5nM,G,5.0,93.0,30.83333333333333,1.6703852917377433e-08,1.0322414834379245e-07,2.117065398093063e-08,1.2674114221220345,1.0322414834379245e-07,1.25,0.0,424.85435499637714,736.2745230734937,634.492582000695,424.85435499637714,247.54566614222472,0.5826600651047478,-0.00045874909232987085,0.0373783215660828,-0.0365396242376171,-0.0005876182417380701,0.0361645990013687,0.009348425413659,5.241722372227797e-07,4.489601728197479e-05,-5.060782906015255e-07,9.090729480030067e-07,4.90678409511099e-05,3.3405684411714314e-06,0.00021798619055996522,0.0004383664066194,0.0001438194428714,0.0010555410139329278,0.0018582836071026,0.0012647901166509,6.474990348350051e-20,1.0302850745098096e-18,1.0302850745098096e-18,7.990138089863973e-17,inf,inf,300.06103469701424,381.3562021255493,300.06103469701424,64.62094763964376,0.21535934415774635,0,0,Slow-Sustained
G_10nM,G,10.0,93.0,30.83333333333333,2.5427505898327035e-08,1.576391042662217e-07,3.4843529417028654e-08,1.370308576718141,1.576391042662217e-07,3.541666666666666,0.0,596.8247682715181,957.650510750919,798.5813529413941,596.8247682715181,314.06952741346396,0.5262340708865854,0.0008650224692328878,0.0525974020942622,0.0032956115550806,-0.0009030106323746373,0.0324934576544328,0.0129568158803763,-6.497559637134698e-07,3.776200428873922e-05,3.4328085403225826e-07,-5.528469695779062e-07,3.563071994412225e-05,8.30446206376344e-06,0.0001344290053764991,0.0004104722613794,5.482793186987738e-05,0.0018105833712576732,0.002829004007403,0.0022389785724216,1.2216171718655664e-18,1.976060990052034e-17,1.6533095855482872e-17,1.8128798830485e-15,inf,inf,341.1129204506842,435.305243730545,341.1129204506842,81.98677360213836,0.24035083014098685,0,0,Slow-Sustained
G_20nM,G,20.0,93.0,30.83333333333333,1.4143086108170072e-08,1.05380453723653e-07,1.8442147363235473e-08,1.3039691070382404,1.05380453723653e-07,0.8333333333333321,0.0,724.9073917399595,1148.1721755604633,995.3867134692276,724.9073917399595,377.84395325075354,0.5212306531236125,0.00031159536349249306,0.0327097624467487,-0.0058010715229034,-0.002419928831222144,0.0208500751941802,0.0208500751941802,-1.4044883843556558e-07,3.905766175881184e-05,3.427009426368884e-06,-6.257543564909414e-07,3.9530703807556806e-05,7.21418504811158e-07,0.00012396318350197663,0.0002887069239274,5.693740573949129e-05,0.0009953436004131156,0.001573862107021,0.0011777653589789,2.481893597813239e-19,6.851012710350559e-18,6.851012710350559e-18,3.6831300991548486e-16,inf,inf,379.6861541767248,490.1779751777649,379.6861541767248,98.63486886877926,0.2597799993066634,0,0,Slow-Sustained
G_40nM,G,40.0,93.0,30.83333333333333,6.474829670877182e-09,2.2827770903159435e-08,6.469397902169619e-09,0.9991610947339674,2.2827770903159435e-08,5.833333333333334,0.0,771.8260963366986,1295.0040982339176,1186.1410369507482,771.8260963366986,443.7228341783596,0.5749000147629002,-0.0002294110840930859,0.0128983556711611,0.0029811301744327,3.764455543524812e-05,0.0125444320877867,0.0125444320877867,7.95361981105014e-08,1.7511820600173013e-05,6.454356665512828e-06,5.203684810589523e-08,1.0961726475771203e-05,-8.439407614565534e-06,0.0001594645257814065,0.0003028462391703,0.0001069464311598,0.00043832487596533843,0.0007203285399568,0.0004784494509501,1.4929345217362946e-20,1.1225530772477057e-19,9.112224546344741e-20,2.215514830256666e-17,inf,inf,386.6266248802211,523.2004489898682,386.6266248802211,115.83232492335327,0.29959738277010467,0,0,Slow-Sustained
G_80nM,G,80.0,93.0,30.83333333333333,4.7313195970856e-09,2.427668611649796e-08,4.9538054153799495e-09,1.0470240519011644,2.427668611649796e-08,2.291666666666668,0.0,714.9093611658906,1290.259234956146,1212.242735163003,714.9093611658906,455.6257085722358,0.6373195447170966,-0.0004023460640042897,0.0116770144010734,0.0083459965985024,-1.3653920217486855e-06,0.0139522517938774,-0.0003977130727431,-2.3080266004784957e-07,1.2432499936944845e-05,1.2432499936944845e-05,4.532322174348114e-08,1.516946233491205e-05,-2.9157211950453614e-06,0.00013714073415952073,0.0003415913921353,0.0001262069727509,0.0003301546343790974,0.0005254968682871,0.0003209203084536,6.457321954494909e-21,7.400176917335347e-20,7.400176917335347e-20,9.582665780470446e-18,inf,inf,375.25364535446937,525.4467577934265,375.25364535446937,118.93952948465633,0.3169576923691295,0,0,Slow-Sustained
G_160nM,G,160.0,93.0,30.83333333333333,2.9600226134002342e-08,1.365272343021708e-07,3.4646021698236596e-08,1.170464764066044,1.365272343021708e-07,5.208333333333334,0.0,362.023017496998,730.3613276594696,700.8494537314172,362.023017496998,250.31039675156381,0.6914212208996889,-9.381826830074053e-05,0.0508778078705278,-0.0049829697605291,-0.002686289494238747,0.0435362982269164,-0.0080628451425529,8.348114720262229e-07,4.460144886724841e-05,7.370803293333334e-06,4.0529692970918134e-07,4.4066946935366736e-05,3.829533059018519e-06,0.00014692858065942565,0.0004404179985522,3.848498137351948e-05,0.0018001816081043055,0.0032934474027719,0.0015984842124936,1.8027852742939307e-18,2.5170162504814442e-17,2.5170162504814442e-17,2.6753333470521946e-15,inf,inf,279.7911777768359,375.9446310997009,279.7911777768359,65.342671088606,0.23354085574751013,0,0,Slow-Sustained
D_1p25nM,D,1.25,78.0,5.977777777777778,1.0989809821331705e-07,6.516207111499301e-07,1.4494164718210374e-07,1.3188731155362272,6.516207111499301e-07,0.5777777777777777,0.0,64.65041973403137,130.39235169546677,130.39235169546677,64.65041973403137,38.2140744777983,0.5910878016725817,-0.005916862515389749,0.2075980349491,-0.0748958889251145,0.0063178986603843156,0.2119456347125,-0.0112103474777639,1.579064139804831e-06,0.0001311804151608,4.283708674205625e-05,5.288862550224752e-07,0.0002206495736913,-1.4382657776876505e-06,0.00019681815984596293,0.0004704535506967,0.0003879680422491,0.0018048460295577897,0.0023684054329614,0.0004796378075319,1.0095564666133749e-18,1.3201338126070752e-17,5.641932007385756e-18,2.724792903389492e-15,inf,inf,193.75066110911192,210.912367105484,193.75066110911192,9.97565315689456,0.05148706641716545,0,0,Multiphase
D_2p5nM,D,2.5,78.0,5.977777777777778,9.263196075193605e-08,1.1296513789993271e-06,1.7897350036110996e-07,1.9320923243802688,1.1296513789993271e-06,0.22222222222222227,0.0,110.29953882892973,233.9926380164696,233.9926380164696,110.29953882892973,72.37590169674219,0.6561759229927007,0.00011576856677235224,0.3227028204776,-0.0447434272219571,-0.004532468383217296,0.0652408913075613,0.0040891619155695,8.481119500965327e-07,0.0002272177869009,-0.0001511818027795,4.016138126668175e-06,0.0004643441659944,0.0002558209747997,0.00016550835655079353,0.0005158609279695,0.0002410901861643,0.001712616299195612,0.0019913851734708,0.000420873983596,1.2539705473563468e-18,4.390963273834489e-17,4.390963273834489e-17,3.384466507314785e-15,inf,inf,205.76765459466864,238.057314157486,205.76765459466864,18.893481056663127,0.09181948977296964,0,0,Multiphase
D_5nM,D,5.0,78.0,5.977777777777778,8.852570411635958e-08,1.0632844841369105e-06,1.7454428448279264e-07,1.9716791436458825,1.0632844841369105e-06,0.1777777777777778,0.0,109.96246664979556,235.86275653207684,235.86275653207684,109.96246664979556,71.16489491689363,0.6471744140074357,-0.0013309934429909759,1.1776283981073998,0.5804769385882,-0.003522600181610701,0.324727253249,-2.2637856888189,-6.7161561572250095e-06,0.0007272246789705,-0.0001040098825421,-2.658904517354895e-06,0.0004166311414147,0.0001097895867473,0.0001640861497106164,0.0003461483558995,0.0002301480818434,0.001606205957144676,0.0019088447872617,0.0004422058655251,2.0967205425473533e-18,4.268882778408883e-17,4.268882778408883e-17,5.659048744335307e-15,inf,inf,200.6100586608604,233.47589778900144,200.6100586608604,18.577351887724735,0.09260428919534147,0,0,Multiphase
D_10nM,D,10.0,78.0,5.977777777777778,6.352306188896127e-08,6.686040743586521e-07,1.427329696861585e-07,2.2469472572914806,6.686040743586521e-07,0.5111111111111112,0.0,158.52710485937476,333.38615342249653,333.38615342249653,158.52710485937476,101.94523880017385,0.6430776547052115,0.0008239227687238513,0.4443338065391,-0.0469192118016144,-0.009376277334589999,0.1308510503619,-0.3628287466206999,3.5508535432166934e-06,0.0003007693458144,0.0001525047927412,5.284224202937048e-06,0.0003780608492504,-0.0001397438909136,0.00014447058094109032,0.0003960845329231,0.0003271184577887,0.0011867214801307055,0.0013690616419659,0.0001786361457553,1.5455766829231082e-18,3.7596582687508825e-17,8.355220834866778e-18,4.171511467209479e-15,inf,inf,214.1578615948006,259.80421686172485,214.1578615948006,26.612455153353658,0.12426559994190642,0,0,Multiphase
D_20nM,D,20.0,78.0,5.977777777777778,3.3297637549280615e-08,8.737110827879585e-07,9.640318784858202e-08,2.8951960242195858,8.737110827879585e-07,0.0444444444444444,0.0,249.39517165329713,525.8901753315293,525.8901753315293,1.5781635744182925,162.6636179790053,0.6522324265569028,-0.0002497285759693019,0.2639822254919,-0.043963303543012,-0.010997888238702591,0.0716395708205081,-0.1051059623428,-6.0156287612346765e-06,0.0001187811889351,-0.0001208243466366,-5.159332066906444e-07,0.0009670319636583,-0.0001037036226723,0.0001387695077213223,0.0004521165255464,0.0002763389518187,0.0006351567110965757,0.0007155104017302,0.0001172389689836,5.001801115016396e-19,5.5198469665268834e-17,1.999316145261524e-17,1.3499861209429217e-15,inf,inf,237.19800753858354,309.3760805130005,172.50622701644895,42.46277991494732,0.17901828247035406,0,0,Multiphase
D_40nM,D,40.0,78.0,5.977777777777778,3.830881289313249e-08,9.508868629155728e-07,9.38775385206537e-08,2.4505467914794834,9.508868629155728e-07,0.06666666666666671,0.0,146.32290063282966,306.2266217867461,306.2266217867461,146.32290063282966,91.95000280138018,0.6284047295652767,0.00421954700681489,0.7217871881672,0.3363074645843,-0.008716793880328925,0.1175333960752,-0.2198395264946,-5.078787166426603e-07,0.0002034747547622,9.744813140872312e-05,1.914635155103979e-06,0.0003863563698596,0.0003243882449453,0.0001411787639896078,0.0004122301202148,0.0002787783725986,0.0006040820769008893,0.0008236268139014,0.0001497401319521,3.6939226987218347e-19,2.3268561397636564e-17,2.3268561397636564e-17,7.18467964901398e-16,inf,inf,206.41758116439536,248.1598994731903,206.41758116439536,24.003233056317097,0.11628482865129793,0,0,Multiphase
D_80nM,D,80.0,78.0,5.977777777777778,2.5370860815705855e-08,5.060224357648658e-07,6.146266201174451e-08,2.4225690432110207,5.060224357648658e-07,0.1777777777777778,0.0,156.08624008580614,308.74689863189496,308.74689863189496,156.08624008580614,88.96086543121005,0.56994687925281,0.001981899644670033,0.3055447171,0.08418715875439,0.0006751935990974805,0.2555060212569,0.2555060212569,7.742444097672469e-08,0.0001375247108151,-0.0001260783511011,1.9346181599404725e-06,0.0003386336073149,0.0003386336073149,7.163847360327648e-05,0.0003387024368078,0.0001807791742195,0.0004228368575821114,0.0005468536922646,0.0001021066877484,6.649928711954842e-19,1.5670135244344058e-17,1.5670135244344058e-17,7.92671502465017e-16,inf,inf,216.09980594758633,255.9513475894928,216.09980594758633,23.222928991633992,0.10746390488322127,0,0,Multiphase
D_160nM,D,160.0,78.0,5.977777777777778,2.290931547056969e-08,2.879048293517057e-07,4.513615090614111e-08,1.970209496836559,2.879048293517057e-07,0.2,0.0,150.43293769682015,285.35256957968096,285.35256957968096,5.227241405238072,83.00971354841094,0.5518054411441944,0.0019972090661664627,0.1590799646465,0.0733901996299058,0.00046547850721543536,0.187419056368,0.067770359172998,1.1657971940640223e-06,0.0001030225699683,5.644464990988705e-06,2.3086027050527325e-07,8.090168255999468e-05,-8.417337823758486e-05,0.00022491040531295067,0.0003567586566449,0.0002072456601464,0.00035913246786382534,0.0004926730390517,0.0001355184154351,1.1329352564584347e-19,5.8692151377876056e-18,3.859730711210144e-18,3.0577922571813075e-16,inf,inf,214.2258686100995,249.4461760520935,176.32041931152344,21.669401191260462,0.10115212197225222,0,0,Multiphase
B_1p25nM,B,1.25,78.0,40.0,0.0,0.0,0.0,0.0,0.0,0.0,0.0,787.969989251387,1335.14910731408,1215.2774640432988,0.0,455.8199446500772,0.5784737374111547,0.0,0.0,0.0,0.0,0.0,0.0,0.0,0.0,0.0,0.0,0.0,0.0,0.0,0.0,0.0,0.0,0.0,0.0,0.0,0.0,0.0,0.0,0.0,0.0,395.16421073982394,538.0034439563751,189.46734595298767,118.9902341469982,0.3011159181754477,0,0,Slow-Sustained
B_2p5nM,B,2.5,78.0,40.0,0.0,0.0,0.0,0.0,0.0,0.0,0.0,978.5706378355628,1652.070215488044,1573.6699202179589,0.0,571.7242742870105,0.5842442560422316,0.0,0.0,0.0,0.0,0.0,0.0,0.0,0.0,0.0,0.0,0.0,0.0,0.0,0.0,0.0,0.0,0.0,0.0,0.0,0.0,0.0,0.0,0.0,0.0,448.19745463931685,624.0122108459473,192.744943857193,149.24666211602207,0.3329931050950012,0,0,Slow-Sustained
B_5nM,B,5.0,78.0,40.0,0.0,0.0,0.0,0.0,0.0,0.0,0.0,1386.6195780020237,2293.403246486781,2233.794988698257,0.0,784.838041152409,0.5660081925882512,0.0,0.0,0.0,0.0,0.0,0.0,0.0,0.0,0.0,0.0,0.0,0.0,0.0,0.0,0.0,0.0,0.0,0.0,0.0,0.0,0.0,0.0,0.0,0.0,551.9043086165005,788.6170771121979,189.9320206642151,204.8792804709071,0.3712224696786535,0,0,Slow-Sustained
B_10nM,B,10.0,78.0,40.0,0.0,0.0,0.0,0.0,0.0,0.0,0.0,1510.610487700682,2776.9817297645213,2766.6239609555823,0.0,967.2384356098448,0.6402963857890924,0.0,0.0,0.0,0.0,0.0,0.0,0.0,0.0,0.0,0.0,0.0,0.0,0.0,0.0,0.0,0.0,0.0,0.0,0.0,0.0,0.0,0.0,0.0,0.0,588.0755650579315,918.6574370861052,193.7358751296997,252.49427823423815,0.42935686030308856,0,0,Slow-Sustained
B_20nM,B,20.0,78.0,40.0,0.0,0.0,0.0,0.0,0.0,0.0,0.0,1155.6259874549487,2251.862318254218,2145.5808613050326,0.0,822.6007358390584,0.7118226353239802,0.0,0.0,0.0,0.0,0.0,0.0,0.0,0.0,0.0,0.0,0.0,0.0,0.0,0.0,0.0,0.0,0.0,0.0,0.0,0.0,0.0,0.0,0.0,0.0,494.919024315077,781.087760925293,193.24682140350345,214.73710248050673,0.43388330601694564,0,0,Slow-Sustained
B_40nM,B,40.0,78.0,40.0,0.0,0.0,0.0,0.0,0.0,0.0,0.0,1066.880233501996,2383.4373037352448,2383.4373037352448,0.0,801.9048343836752,0.7516352906374987,0.0,0.0,0.0,0.0,0.0,0.0,0.0,0.0,0.0,0.0,0.0,0.0,0.0,0.0,0.0,0.0,0.0,0.0,0.0,0.0,0.0,0.0,0.0,0.0,470.0974986135345,813.7802090644836,191.5920705795288,209.33450834446094,0.445300196154743,0,0,Slow-Sustained
B_80nM,B,80.0,78.0,40.0,0.0,0.0,0.0,0.0,0.0,0.0,0.0,1292.7047859254124,2421.06964756393,2330.529899741577,0.0,890.3232189580287,0.6887289570299459,0.0,0.0,0.0,0.0,0.0,0.0,0.0,0.0,0.0,0.0,0.0,0.0,0.0,0.0,0.0,0.0,0.0,0.0,0.0,0.0,0.0,0.0,0.0,0.0,530.2966580366351,824.8524374961853,192.84050464630127,232.41582456786213,0.4382751070473574,0,0,Slow-Sustained
B_160nM,B,160.0,78.0,40.0,0.0,0.0,0.0,0.0,0.0,0.0,0.0,1290.0254875900735,2241.531423832588,2037.7192250882165,0.0,798.1228158051373,0.6186876332932996,0.0,0.0,0.0,0.0,0.0,0.0,0.0,0.0,0.0,0.0,0.0,0.0,0.0,0.0,0.0,0.0,0.0,0.0,0.0,0.0,0.0,0.0,0.0,0.0,529.8436331699804,778.2309963703156,193.0869014263153,208.3472253580747,0.393223985936308,0,0,Slow-Sustained
F_1p25nM,F,1.25,93.0,40.0,0.0,0.0,0.0,0.0,0.0,0.0,0.0,593.5593583854247,974.994976370675,875.9215132261819,0.0,331.96914142995774,0.5592854981395058,0.0,0.0,0.0,0.0,0.0,0.0,0.0,0.0,0.0,0.0,0.0,0.0,0.0,0.0,0.0,0.0,0.0,0.0,0.0,0.0,0.0,0.0,0.0,0.0,346.313936248268,445.8863968849182,191.36730027198792,86.6594064870345,0.2502336678270709,0,0,Slow-Sustained
F_2p5nM,F,2.5,93.0,40.0,0.0,0.0,0.0,0.0,0.0,0.0,0.0,829.0100062946551,1336.9660560987943,1262.8326801387557,0.0,460.7181628546466,0.5557449962683484,0.0,0.0,0.0,0.0,0.0,0.0,0.0,0.0,0.0,0.0,0.0,0.0,0.0,0.0,0.0,0.0,0.0,0.0,0.0,0.0,0.0,0.0,0.0,0.0,407.1869310742801,539.787116765976,190.7767105102539,120.26889721978714,0.29536531760113727,0,0,Slow-Sustained
F_5nM,F,5.0,93.0,40.0,0.0,0.0,0.0,0.0,0.0,0.0,0.0,1368.6279155857737,2114.726082691383,2036.12182520639,0.0,737.4403676954068,0.5388172777257593,0.0,0.0,0.0,0.0,0.0,0.0,0.0,0.0,0.0,0.0,0.0,0.0,0.0,0.0,0.0,0.0,0.0,0.0,0.0,0.0,0.0,0.0,0.0,0.0,546.8600268019843,741.6263959407806,189.5844006538391,192.5062802789097,0.35202112212274644,0,0,Slow-Sustained
F_10nM,F,10.0,93.0,40.0,0.0,0.0,0.0,0.0,0.0,0.0,0.0,1992.723731748599,3127.6939783249964,3047.043034174837,0.0,1121.335866189714,0.5627151663445844,0.0,0.0,0.0,0.0,0.0,0.0,0.0,0.0,0.0,0.0,0.0,0.0,0.0,0.0,0.0,0.0,0.0,0.0,0.0,0.0,0.0,0.0,0.0,0.0,710.6431907820947,1006.9232833385468,190.44949102401733,292.7208842907713,0.41190978551221863,0,0,Slow-Sustained
F_20nM,F,20.0,93.0,40.0,0.0,0.0,0.0,0.0,0.0,0.0,0.0,1968.7189773889886,2975.1756051743087,2801.0201609334563,0.0,1052.7335042020807,0.5347302059323201,0.0,0.0,0.0,0.0,0.0,0.0,0.0,0.0,0.0,0.0,0.0,0.0,0.0,0.0,0.0,0.0,0.0,0.0,0.0,0.0,0.0,0.0,0.0,0.0,701.5828632595612,964.3149161338806,187.65552234649653,274.81247284069286,0.39170351391411024,0,0,Slow-Sustained
F_40nM,F,40.0,93.0,40.0,0.0,0.0,0.0,0.0,0.0,0.0,0.0,2253.3764044988416,3784.394858048733,3729.498888218623,0.0,1402.4643200626667,0.6223835118103934,0.0,0.0,0.0,0.0,0.0,0.0,0.0,0.0,0.0,0.0,0.0,0.0,0.0,0.0,0.0,0.0,0.0,0.0,0.0,0.0,0.0,0.0,0.0,0.0,777.265722316565,1176.9328417778015,189.02953577041623,366.10850355654566,0.47102103314860566,0,0,Slow-Sustained
F_80nM,F,80.0,93.0,40.0,0.0,0.0,0.0,0.0,0.0,0.0,0.0,1847.9513600151224,2908.394660635113,2692.83858570656,0.0,1032.3598330301572,0.5586509771673368,0.0,0.0,0.0,0.0,0.0,0.0,0.0,0.0,0.0,0.0,0.0,0.0,0.0,0.0,0.0,0.0,0.0,0.0,0.0,0.0,0.0,0.0,0.0,0.0,675.8806569281313,952.7057456970216,193.47928857803345,269.4939958156427,0.39873015014291036,0,0,Slow-Sustained
F_160nM,F,160.0,93.0,40.0,0.0,0.0,0.0,0.0,0.0,0.0,0.0,1956.1835671535882,3118.173315856218,2891.287713453344,0.0,1146.459960677793,0.5860697226620654,0.0,0.0,0.0,0.0,0.0,0.0,0.0,0.0,0.0,0.0,0.0,0.0,0.0,0.0,0.0,0.0,0.0,0.0,0.0,0.0,0.0,0.0,0.0,0.0,698.7285988797846,1002.0620398521424,188.07358384132385,299.27944303958355,0.42832001369257566,0,0,Slow-Sustained
ThTr_1p25nM,ThTr,1.25,,39.15,3.720563449569301e-08,2.824152140382942e-07,3.025743983940464e-08,0.8132488600055268,2.824152140382942e-07,,0.0,242.5074564558254,392.1842952495752,275.127449275886,242.5074564558254,103.71157542355314,0.42766344977291454,-0.0009683826321777242,0.0959114686217388,0.0115500823607797,-0.0012745892750603142,0.0633660542681948,0.0390556208625393,-5.401910984693933e-08,7.571909676299045e-05,-1.178702802173034e-05,-1.0325257788298085e-06,4.810361470865258e-05,-4.270169617004496e-06,0.00020519305501057162,0.0004131802391281,0.000195786734823,0.002632273583387465,0.0052475285476372,0.005106162255332,1.805058617410007e-19,4.161401758325642e-18,4.161401758325642e-18,9.435041393202097e-16,inf,inf,241.6215211484357,280.6941468715668,241.6215211484357,27.073551274454005,0.11204941987689031,0,0,Slow-Sustained
ThTr_2p5nM,ThTr,2.5,,39.15,8.65105840996632e-08,3.96897942207066e-07,7.711349353178064e-08,0.8913764059544808,3.96897942207066e-07,0.5625,0.0,389.1939065090453,568.6401349848727,429.4557313547922,389.1939065090453,166.80984959586857,0.42860344626693614,0.0074620788521824,0.2915712603188,0.0065738202426751,-0.017659964883929503,0.0759466089210068,-0.0024098435050955,-5.06347124916993e-07,0.0001520223847119,8.476595149044586e-06,-1.5678466502258554e-07,0.0001620196968409,9.621477299140127e-06,0.00011849745231561877,0.0003807859247123,7.020189474691408e-05,0.006995900398507378,0.0122079051849633,0.0023107651055589,8.583810536584621e-18,9.481610793955775e-17,6.392783877272475e-17,4.4867577674727856e-14,inf,inf,282.20457944965636,329.0484023094177,282.20457944965636,43.54513946658344,0.1543034473483859,0,0,Multiphase
ThTr_5nM,ThTr,5.0,,39.15,9.349634816272523e-08,4.619046827553251e-07,7.20134914562468e-08,0.7702278524388064,4.619046827553251e-07,0.22499999999999964,0.0,667.5239140608694,988.142345854886,845.3183574230999,667.5239140608694,316.7565233453703,0.4745246075431033,-0.004447587255672496,0.1279767815448,0.0715965042220615,-0.019938213006575393,0.0838870321779566,-0.0455654635975384,-2.723094917808993e-07,0.0001282872408094,-2.5931830168553844e-05,8.751517756287287e-07,0.0002288207066458,3.5222557034153845e-05,9.81856286566956e-05,0.0004374339739762,5.322806224456117e-05,0.008228191379068698,0.013192146565197,0.0034688299155407,1.5158035453490483e-17,3.1179074491170447e-16,1.5060986309731635e-16,7.923105131539473e-14,inf,inf,356.39856058751957,440.0949032306671,356.39856058751957,82.68820468000622,0.2320104900078595,0,0,Multiphase
ThTr_10nM,ThTr,10.0,,39.15,8.735233826540124e-08,5.387867202827311e-07,5.80230101841066e-08,0.6642410648220566,5.387867202827311e-07,,0.0,1076.2725420896265,1564.4470834996014,1422.03290184639,1076.2725420896265,516.1080889514978,0.4795328959609554,0.03569586965616872,0.2452907433974,0.2452907433974,-0.01675221235552443,0.1062369610654,0.1062369610654,-3.883230564094978e-06,0.000122315639603,4.897989825668194e-06,-1.7376075345192974e-06,0.0001242878956412,2.828311772012286e-06,0.0002811365085593817,0.0004690368819634,0.0002655762617557,0.0077019228678566545,0.0123260590941175,0.0121969216070634,1.813425466211791e-18,3.093473799618266e-17,8.231618879052812e-18,9.478774911888991e-15,inf,inf,461.7496495356191,589.1859402656555,461.7496495356191,134.72824756855027,0.2917776931808097,0,0,Multiphase
ThTr_20nM,ThTr,20.0,,39.15,5.137500920065121e-08,3.439128053329224e-07,4.283857980129975e-08,0.8338408200373957,3.439128053329224e-07,0.44999999999999973,0.0,1363.277450989084,2045.4254522238984,1908.5614621960297,1363.277450989084,702.4914501392108,0.5152960240261729,0.009585528143313236,0.1919241737722,-5.21617882282276e-05,-0.006146487568999689,0.0991181036170663,0.0046431296492192,2.224226715369429e-06,0.0001442364956813,3.355287391681682e-06,-1.1355903214865051e-06,8.184418066425203e-05,-6.039365573273274e-07,0.000301298313997599,0.000464431355076,0.0003992461570718,0.0050545280034485635,0.007248295827,0.0071664084893358,1.3447866135957899e-18,2.622542926255133e-17,1.4840386100297292e-18,7.029199629265184e-15,inf,inf,537.7588669570606,715.8312644958496,537.7588669570606,183.38298514449355,0.34101341030818644,0,0,Multiphase
ThTr_40nM,ThTr,40.0,,39.15,2.947158679271123e-08,3.368556348546404e-07,3.834431141701751e-08,1.3010602953520183,3.368556348546404e-07,0.11250000000000027,0.0,1315.8909892869265,2009.566686439735,1910.3854325708755,1315.8909892869265,697.3359126197789,0.5299344081667898,0.0009212487213434669,0.1166058363184,0.002295748959215,-0.006596640564996517,0.0315162631985907,0.0055955581288054,1.2913441744466993e-06,9.12118653463162e-05,-1.354649743109215e-05,-1.1878989148589551e-06,0.0001008414579409,-3.195448966228669e-05,0.00020898971436492052,0.0004088212903041,0.0002215195766272,0.003256800435740421,0.0041574730965393,0.0040474200784885,6.884199435190771e-19,1.4369735298537385e-17,4.6248047597748986e-18,3.598371044774212e-15,inf,inf,515.86031302545,696.941976070404,515.86031302545,182.03714974656734,0.3528807026827562,0,0,Slow-Sustained
ThTr_80nM,ThTr,80.0,,39.15,8.467433650468271e-08,5.864396339562515e-07,8.587841763002284e-08,1.0142201424309187,5.864396339562515e-07,0.3374999999999986,0.0,1786.9245647735977,2415.59808898021,2258.8706442660628,1786.9245647735977,768.8890215497313,0.43028622288101404,-0.01559697463804271,0.728224571124,-0.2806299518509,-0.008784666188186428,0.6294033015665,0.0451633276126383,-1.7284488106719437e-05,0.0006738404510943,-0.0002425253216421,7.4633378702749415e-06,0.0007648771431122,0.0001460100460071,0.0001523149694289443,0.0003066572647255,0.0002230524818893,0.007327420317280528,0.0119474584303764,0.0099469312982346,2.6760900369858096e-18,7.301833947457296e-17,1.3824916079745449e-17,1.3987922623324824e-14,inf,inf,645.6930227047393,809.8060913085938,645.6930227047393,200.7158435717286,0.3108533568025117,0,0,Multiphase
ThTr_160nM,ThTr,160.0,,39.15,3.600572048187108e-08,2.913960249609169e-07,5.462099743194831e-08,1.517008872505413,2.913960249609169e-07,3.0375,0.0,1655.1851376400348,2264.9436694474457,2056.1860244876443,1655.1851376400348,714.1643093328129,0.43147095336481167,0.002106542712213515,0.1414814302296,0.0139880293457174,-0.005539136860416464,0.0641028713146982,-0.0562983133025827,-3.272106281055676e-07,0.0001411139040221,2.8985887609028697e-05,-1.0143839693852343e-06,0.0001221324180443,-2.8965329929293607e-05,6.997115723422382e-05,0.0004289966337478,4.773965883907368e-05,0.0038886692234608145,0.005078938205194,0.005002784268613,1.6591227269263857e-18,7.451412734700612e-17,7.451412734700612e-17,8.672234493644216e-15,inf,inf,605.0485568784369,764.2239315509796,605.0485568784369,186.43014502618308,0.3081242702040518,0,0,Slow-Sustained
AcSu2_1p25nM,AcSu2,1.25,,25.55555555555556,2.062825345698815e-08,1.882343364528773e-07,2.377266214529011e-08,1.1524321336684342,1.882343364528773e-07,,0.0,639.2950338697876,1043.4256575764143,1043.4256575764143,0.0,306.86536090373613,0.48000585746179725,0.0016670967250069701,0.1094649548345,-0.0020587896883197,-0.0003342540671431571,0.0335240544125996,0.0167893388406625,4.7050216062392054e-07,3.963968142201913e-05,8.348303442782664e-06,-3.893171447194759e-08,3.8686682926849696e-05,1.594643784485653e-05,0.0002061032813720716,0.0004602640699181,0.0004514021049396,0.0008458865385872135,0.0018883876012202,0.0,6.175914447631454e-20,4.904972962459551e-19,3.4777673881960264e-19,1.1363682583641883e-16,inf,inf,346.0874567624685,451.5843708515167,179.2016794681549,80.10615062833557,0.23146216097428554,0,0,Slow-Sustained
AcSu2_2p5nM,AcSu2,2.5,,25.55555555555556,1.523146613307964e-08,1.2942028415196322e-07,1.8576865112193062e-08,1.219637357945989,1.2942028415196322e-07,,0.0,1278.5232767468574,1959.8558540469808,1959.8558540469808,0.0,614.565626561829,0.48068395604463493,-3.681718903832697e-05,0.0356102742098881,0.0020407229495503,0.0006506253463306179,0.0259123230347774,0.000266668988891,3.2610738612283856e-07,3.8465240633134585e-05,-3.4859996541203625e-06,5.676774897276159e-07,2.9566343916590205e-05,7.226673444944028e-07,0.0001660158809491674,0.0004015075797388,0.0004015075797388,0.0005907769675181447,0.0013948238700357,0.0,4.42431485440093e-20,4.3468775551357545e-19,2.078007912556728e-19,8.140739332097705e-17,inf,inf,510.8143609665536,688.6738948822021,177.06024193763733,160.4302502810114,0.3140676193548048,0,0,Slow-Sustained
AcSu2_5nM,AcSu2,5.0,,25.55555555555556,6.416705207193774e-09,1.1463196336673808e-07,9.639850111315749e-09,1.502305279742087,1.1463196336673808e-07,,0.0,2296.5053748370474,3454.9011570911834,3454.9011570911834,0.0,1107.710182927612,0.48234600060808114,-0.00017146331481530445,0.0033742714177236,-0.0012790232976139,0.0007516069322019329,0.0092372653468978,0.0011444730186898,-4.017462803687768e-07,2.2864296495462424e-06,-2.4632838987654925e-06,-1.7525876544238725e-07,2.329751290965178e-06,-2.727060224510218e-06,0.00018485067029495555,0.0003900900141787,0.0003900900141787,0.0003519109662144603,0.0005788736827251,0.0,4.854878782466871e-21,1.7270773608237542e-19,1.7270773608237542e-19,4.4664884798695296e-18,inf,inf,777.2123180067217,1079.607566356659,177.71746158599854,289.16394637965163,0.3720527064229453,0,0,Slow-Sustained
AcSu2_10nM,AcSu2,10.0,,25.55555555555556,4.095339397527572e-09,2.181427980392127e-07,1.6384152867186867e-08,4.000682550774245,2.181427980392127e-07,,0.0,3849.9394131605877,6007.42041164367,6007.42041164367,0.0,1998.832118181223,0.5191853438909815,6.873918246961961e-05,0.0165360690574329,0.0165360690574329,0.00038581890452926525,0.0637117412470557,0.0637117412470557,9.969737861029345e-07,4.5219855050771935e-05,4.5219855050771935e-05,-5.296377693497863e-07,5.363317391654433e-07,-0.0001159207909264,0.00014742073925563007,0.0003974609658232,0.0003974609658232,0.0003234066961021514,0.0003549569447686,0.0,4.873991020604166e-21,6.024524673074279e-19,6.024524673074279e-19,4.484071738955834e-18,inf,inf,1181.9576281264021,1745.1606476306915,176.94414067268372,521.7882730987334,0.4414610648317858,0,0,Slow-Sustained
AcSu2_20nM,AcSu2,20.0,,25.55555555555556,2.918761303736238e-09,1.7068756191391318e-07,1.2689157553970773e-08,4.347446136731935,1.7068756191391318e-07,,0.0,3535.3267248353154,6119.814021238189,6119.814021238189,0.0,2046.8201650806247,0.5789620944231034,0.0002726142677979838,0.0092203072816085,-0.0108450803691009,0.0003121986569179348,0.0049612903624413,-0.0051250434568357,-6.598177942475228e-07,1.397533888135145e-06,-3.296561725593711e-05,1.837321766069539e-07,6.660028105270591e-06,-2.0897628595063866e-05,0.00016383007025778565,0.0003886383395364,0.0003886383395364,0.00022392895240443098,0.0002514572837523,0.0,2.980843645999917e-21,3.8578244553853302e-19,3.8578244553853302e-19,2.742376154319928e-18,inf,inf,1102.3956392803707,1777.0671892166138,179.51071572303772,534.3153882542591,0.4846856874389064,0,0,Slow-Sustained
AcSu2_40nM,AcSu2,40.0,,25.55555555555556,2.0346765541962128e-09,9.414282040449669e-08,9.307650169546566e-09,4.574510946396342,9.414282040449669e-08,,0.0,3424.7738827513544,6278.549580451002,6278.549580451002,0.0,2103.8567039410136,0.614305287288293,-0.00023696696993218342,0.0004294682163956,0.0004294682163956,0.00022023551344909555,0.0022442926053328,-0.0002160385321097,2.4732520403067847e-07,7.905562828806598e-06,7.667946719789699e-06,-1.5171704388766155e-07,1.610800785703268e-07,-1.63353869231487e-06,0.00013147134176126534,0.0003960718224065,0.0003960718224065,0.0001600236012313798,0.0001777759609456,0.0,1.4962383140543628e-21,1.1299429389243138e-19,1.1299429389243138e-19,1.376539248930014e-18,inf,inf,1073.2543885102143,1818.222752571106,179.22890543937683,549.2045812208855,0.5117189243299877,0,0,Slow-Sustained
AcSu2_80nM,AcSu2,80.0,,25.55555555555556,2.8441264696518744e-09,1.9041023276712681e-07,1.3736114726265461e-08,4.8296427296170075,1.9041023276712681e-07,,0.0,3944.9876863629897,6887.308879438314,6887.308879438314,0.0,2313.943218601586,0.5865527100630533,0.00011827606581898934,0.0340565218493142,0.0340565218493142,0.00025828825244290617,0.0710278305867437,0.0710278305867437,-3.025623022601375e-07,8.24394389548194e-06,-1.8820430409263764e-05,2.0827375001746126e-07,9.174504167768012e-05,9.174504167768012e-05,0.00021826511376735023,0.0003694423848035,0.0003569439731054,0.00020288889357418107,0.0002426186119312,0.0,3.1807504023219504e-21,5.691286606213307e-19,5.691286606213307e-19,2.926290370136194e-18,inf,inf,1204.8739679014361,1972.9568300247192,175.04845452308655,604.0469457641459,0.5013362076501926,0,0,Slow-Sustained
AcSu2_160nM,AcSu2,160.0,,25.55555555555556,1.4460919057186446e-09,6.82753620001858e-08,4.9148967531839495e-09,3.398744390828645,6.82753620001858e-08,,0.0,4351.023420870306,7524.44532301973,7524.44532301973,0.0,2544.5036070528968,0.584805771177379,2.8379070215367622e-05,0.0019741037002482,-0.0032538685010076,0.00013706891897438388,0.0026919157563495,-0.0029355131102043,-3.680263433247765e-07,1.7486993012236006e-07,-3.661257918007915e-05,3.739563930326083e-08,2.090476853622064e-05,2.090476853622064e-05,0.0002261759894487135,0.0003125849203435,0.000247777329744,9.490715266867668e-05,0.000119385382926,0.0,8.02609081885772e-22,1.5185702308896512e-19,1.5185702308896512e-19,3.692001776674558e-19,inf,inf,1313.9726832325393,2142.3835933208466,178.15293312072754,664.2339448826359,0.5055157944749172,0,0,Slow-Sustained
BleSto_1p25nM,BleSto,1.25,,25.55555555555556,0.0,0.0,0.0,0.0,0.0,0.0,0.0,486.61247123977324,897.8171730046374,897.8171730046374,0.0,270.42054938637347,0.5557205484220452,0.0,0.0,0.0,0.0,0.0,0.0,0.0,0.0,0.0,0.0,0.0,0.0,0.0,0.0,0.0,0.0,0.0,0.0,0.0,0.0,0.0,0.0,0.0,0.0,304.1563691525846,411.4999470710754,177.12785148620603,70.5923575027993,0.2320923204714664,0,0,Slow-Sustained
BleSto_2p5nM,BleSto,2.5,,25.55555555555556,0.0,0.0,0.0,0.0,0.0,0.0,0.0,921.1212875483455,1633.7998607816232,1633.7998607816232,0.0,521.6173171093659,0.5662851615314433,0.0,0.0,0.0,0.0,0.0,0.0,0.0,0.0,0.0,0.0,0.0,0.0,0.0,0.0,0.0,0.0,0.0,0.0,0.0,0.0,0.0,0.0,0.0,0.0,417.2605663183573,603.3028650283813,176.805011510849,136.16641269530268,0.3263342469592772,0,0,Slow-Sustained
BleSto_5nM,BleSto,5.0,,25.55555555555556,0.0,0.0,0.0,0.0,0.0,0.0,0.0,1647.8457541480032,3030.6911636613154,3030.6911636613154,0.0,998.7446212282326,0.6060910851116768,0.0,0.0,0.0,0.0,0.0,0.0,0.0,0.0,0.0,0.0,0.0,0.0,0.0,0.0,0.0,0.0,0.0,0.0,0.0,0.0,0.0,0.0,0.0,0.0,607.3553482532501,968.3424024581908,177.19086241722107,260.7188599968654,0.42926906093227146,0,0,Slow-Sustained
BleSto_10nM,BleSto,10.0,,25.55555555555556,0.0,0.0,0.0,0.0,0.0,0.0,0.0,2478.782666054994,4416.797394517209,4416.437828458139,0.0,1515.982037751828,0.6115832817907056,0.0,0.0,0.0,0.0,0.0,0.0,0.0,0.0,0.0,0.0,0.0,0.0,0.0,0.0,0.0,0.0,0.0,0.0,0.0,0.0,0.0,0.0,0.0,0.0,823.4327693075747,1329.3448712825775,176.35505080223083,395.74191465714074,0.48060015268753564,0,0,Slow-Sustained
BleSto_20nM,BleSto,20.0,,25.55555555555556,0.0,0.0,0.0,0.0,0.0,0.0,0.0,2282.7689108840723,4160.509646971816,4160.509646971816,0.0,1392.6192263402854,0.6100570319231091,0.0,0.0,0.0,0.0,0.0,0.0,0.0,0.0,0.0,0.0,0.0,0.0,0.0,0.0,0.0,0.0,0.0,0.0,0.0,0.0,0.0,0.0,0.0,0.0,769.1752113380948,1259.3529942035675,173.26621174812317,363.5384755861274,0.47263415438687645,0,0,Slow-Sustained
BleSto_40nM,BleSto,40.0,,25.55555555555556,0.0,0.0,0.0,0.0,0.0,0.0,0.0,2166.3004398522776,3835.595076749311,3835.480565829811,0.0,1264.2288827269958,0.583588896290491,0.0,0.0,0.0,0.0,0.0,0.0,0.0,0.0,0.0,0.0,0.0,0.0,0.0,0.0,0.0,0.0,0.0,0.0,0.0,0.0,0.0,0.0,0.0,0.0,740.5339809533712,1176.2976241111755,175.02867650985718,330.02261646660855,0.4456549259788646,0,0,Slow-Sustained
BleSto_80nM,BleSto,80.0,,25.55555555555556,0.0,0.0,0.0,0.0,0.0,0.0,0.0,2258.729051433617,4138.327150487226,4138.327150487226,0.0,1344.8218514622192,0.5953887433327427,0.0,0.0,0.0,0.0,0.0,0.0,0.0,0.0,0.0,0.0,0.0,0.0,0.0,0.0,0.0,0.0,0.0,0.0,0.0,0.0,0.0,0.0,0.0,0.0,765.4251393743464,1256.0877804756165,175.79166269302368,351.0611347082088,0.45864855574924535,0,0,Slow-Sustained
BleSto_160nM,BleSto,160.0,,25.55555555555556,0.0,0.0,0.0,0.0,0.0,0.0,0.0,2681.2601758698816,4821.666909294476,4820.837592645032,0.0,1614.4041937156014,0.602106505084625,0.0,0.0,0.0,0.0,0.0,0.0,0.0,0.0,0.0,0.0,0.0,0.0,0.0,0.0,0.0,0.0,0.0,0.0,0.0,0.0,0.0,0.0,0.0,0.0,867.2893706656791,1426.035211801529,167.35559225082395,421.4346811120447,0.4859216489515798,0,0,Slow-Sustained
DiPu_1p25nM,DiPu,1.25,,14.583333333333334,7.4389026589030145e-09,1.880742683500467e-07,1.5973708531784653e-08,2.1473205476975865,1.880742683500467e-07,,0.0,254.0490433258277,420.1824274140223,411.8933936843183,254.0490433258277,149.44126526990118,0.5882378587753113,0.00010350665875098483,0.0069493021380572,-0.0010420386666955,0.001962791797355253,0.1158565447056,0.0701635392624545,7.043300413350962e-08,1.0642229052902771e-05,7.983045463719682e-06,8.35059503462507e-08,1.0663126552646556e-05,1.6130037279907537e-07,0.0003150715036823785,0.0004662340779283,0.0003930805638351,0.00019044206608874575,0.000382698796677,1.1284456101002802e-05,6.068308327786229e-21,4.578525285600933e-19,4.578525285600933e-19,5.3340430201241014e-18,inf,inf,245.0168436318636,288.3853940963745,245.0168436318636,39.01113006220052,0.15921815612323584,0,0,Slow-Sustained
DiPu_2p5nM,DiPu,2.5,,14.583333333333334,1.7088823478263118e-09,2.9747786753675008e-08,3.2310561074009163e-09,1.8907422804798706,2.9747786753675008e-08,0.3333333333333333,0.0,355.1659636631754,626.7639493435369,626.7639493435369,355.1659636631754,218.16780751163128,0.6142700310059344,2.145997079474063e-05,0.0107316790782518,0.0017241205012087,0.0004823688834049377,0.0020578339912768,0.0006695653883143,2.044258669449679e-07,1.1923647249486405e-05,3.6732176297187178e-06,7.444380913661311e-08,1.2825227163853242e-06,1.2825227163853242e-06,0.00019461226587313605,0.00044914056874,0.0002693218737433,0.00011218679536199099,0.0001443302776645,2.194568709861401e-05,3.8760689348678103e-22,2.440035024235592e-20,2.440035024235592e-20,8.488590967360507e-20,inf,inf,269.94400485401803,340.8437280654907,269.94400485401803,56.951958341961145,0.21097693343017554,0,0,Slow-Sustained
DiPu_5nM,DiPu,5.0,,14.583333333333334,3.4322764024825325e-09,5.1230253255414964e-08,7.230869350557156e-09,2.106726994751104,5.1230253255414964e-08,0.3333333333333333,0.0,707.164018503898,1293.7413052520667,1293.7413052520667,9.242840213032864,436.74582327945575,0.6176018743196963,-6.386713558380258e-05,0.012834401806407,0.012834401806407,0.0006909830586569293,0.0078942491384744,0.0061310668265324,3.002787142264567e-07,6.953129080230067e-06,6.953129080230067e-06,-4.768927084276917e-08,5.15636264386956e-06,-9.23154777943619e-06,0.00022428742613295527,0.0004015194266227,0.0002645313606274,0.00025713653691414166,0.0002963795510698,3.616606656414368e-05,1.261867317021365e-21,7.50116415740068e-20,7.50116415740068e-20,2.763489424276786e-19,inf,inf,362.0559329498898,515.1799230575562,179.86600160598755,114.01100014313977,0.31489885889791347,0,0,Slow-Sustained
DiPu_10nM,DiPu,10.0,,14.583333333333334,2.7691133683856905e-09,4.4743223413115777e-08,7.67622688907121e-09,2.7720883430446976,4.4743223413115777e-08,0.9999999999999998,0.0,942.9934633071339,1757.6609070682955,1757.6609070682955,942.9934633071339,566.1243498473794,0.600348116796004,-0.0003997420253091517,0.0002501916154087,-0.0056170887154019,0.0006628863931073121,0.0161807406205667,0.0160207168680259,-1.7420406742013715e-07,1.1118194925886045e-05,-1.3563598731244614e-05,2.2639754075784825e-07,1.5988455216131317e-05,1.1159789464480138e-05,0.00024448796257549267,0.0003547732395389,0.0003530399485515,0.00021292825878816918,0.0002387313968192,0.0001146081925058,1.2738965818235457e-21,3.500498461824751e-20,3.2124533553316165e-20,2.7898335141935653e-19,inf,inf,424.98642170293766,637.6525654792786,424.98642170293766,147.78482103579316,0.3477401005980696,0,0,Slow-Sustained
DiPu_20nM,DiPu,20.0,,14.583333333333334,2.0542338369784788e-09,4.0597668305597104e-08,6.751630288115792e-09,3.2866902329126253,4.0597668305597104e-08,0.6666666666666667,0.0,937.1774103498465,1714.1801558769862,1714.1801558769862,937.1774103498465,526.1492225852938,0.561419019253658,0.00024076517589186847,0.0139042139331443,-0.0041761584557408,2.7512056710027408e-05,0.0093268429931684,-0.0075658092087612,2.8664693109908816e-07,1.0445511496316211e-05,-1.003263261663821e-06,1.8183827731196328e-07,8.916938607659158e-06,-7.959506723863376e-06,0.00026393755615711776,0.0003196122324729,0.0001765629291206,0.00016116012574919004,0.0001763013119877,2.9501053974089057e-05,2.403770682284059e-21,1.057384956844504e-19,1.057384956844504e-19,5.264257794202092e-19,inf,inf,423.6881960901347,626.5220994949341,423.6881960901347,137.34945108588184,0.3241757791540229,0,0,Slow-Sustained
DiPu_40nM,DiPu,40.0,,14.583333333333334,1.9555505727550005e-09,4.763396564515683e-08,6.379421810684952e-09,3.2622126472022424,4.763396564515683e-08,0.3333333333333333,0.0,900.6757321392929,1649.1333696565498,1649.1333696565498,900.6757321392929,495.48738957023204,0.5501285000688828,-9.773624398819792e-05,0.0019266920737529,-0.0059037211889219,0.00012030277388182241,0.007911628030288,-0.0023999054121913,-1.2585071237310178e-07,8.685125283587897e-06,8.685125283587897e-06,2.7276251553690844e-07,1.4404435299648293e-05,1.0001758837846451e-05,0.00030093725789276203,0.0003396631587163,0.0002216525518321,0.00014559529478861235,0.0001656594160321,2.8960376571596463e-05,1.3432752190458186e-21,9.23672476365344e-20,9.23672476365344e-20,2.9417727297103442e-19,6.21241064584586e-30,6.21241064584586e-30,413.25712328336454,608.6394240856171,413.25712328336454,129.34528467618426,0.3129898491489378,0,0,Slow-Sustained
DiPu_80nM,DiPu,80.0,,14.583333333333334,1.2035520129573668e-09,2.866909453049416e-08,4.039227774998923e-09,3.3560890858997747,2.866909453049416e-08,0.33333333333333326,0.0,1033.3861172934814,1892.6220699167447,1892.6220699167447,1033.3861172934814,580.8173095321365,0.562052556941003,-2.705934175282769e-05,0.0049486175511375,0.0049486175511375,0.0003028893005892842,0.0123279360730559,-0.0049549801230942,-4.932815380470072e-08,9.731177488366698e-07,-3.5274835961783584e-06,-2.474818594472794e-07,3.655608565245976e-08,-8.239435082277613e-06,0.0002298808134939301,0.0003177714139921,0.0001672701543408,9.136530734747439e-05,0.000101090272302,1.1467637812197663e-05,8.85953597416088e-22,5.875178064003811e-20,5.875178064003811e-20,1.940238378341232e-19,1.700621086554632e-31,1.700621086554632e-31,445.6884417953816,669.9890420436859,445.6884417953816,151.62036779876726,0.3401936276112297,0,0,Slow-Sustained
DiPu_160nM,DiPu,160.0,,14.583333333333334,1.3803102494237982e-09,4.3536879326057854e-08,4.1966943998239855e-09,3.040399360633502,4.3536879326057854e-08,,0.0,602.5110590953083,1247.5899550904537,1247.5899550904537,602.5110590953083,375.37235585846963,0.6230132214039432,-7.13851420755543e-05,0.000148437197293,-0.0024181316796325,0.0001746379409007972,0.0030629385139487,-0.0161764153525863,1.5731946841190888e-07,1.3149475707443147e-05,1.3149475707443147e-05,2.0571899829348754e-08,1.8724238391664424e-06,-5.9085891634296696e-06,0.0002549308495472968,0.0003963008820789,0.0002174145673588,0.0001037678435406011,0.000116293270292,1.741475173042314e-05,5.746584113312847e-22,8.019869631725728e-20,8.019869631725728e-20,1.2585019208155124e-19,1.2630290669864444e-31,1.2630290669864444e-31,327.34866807271135,495.7443027496338,327.34866807271135,97.98966684136309,0.29934341085999905,0,0,Slow-Sustained
HeAl_10nM,HeAl,10.0,,6.65,5.125340797145816e-08,1.2064710671869404e-06,9.665176254489772e-08,1.8857626520898054,1.2064710671869404e-06,,0.0,178.78883101427863,412.9866136205161,412.9866136205161,178.78883101427863,133.47982823438107,0.7465781138404611,-0.0013258307576007205,0.2634971680597,0.1973897942391,-0.011931871857274824,0.0896926526488983,-0.7160291269224,1.3201829091205737e-06,0.0004918634788248,-3.912328298949546e-05,1.7365582275299394e-06,0.0004483931529033,8.024222058358343e-06,9.229545592140813e-05,0.0003666927192921,0.0002614711344873,0.0009551576828280297,0.0012268463219525,0.0001671942128362,4.614746854307923e-18,6.022884214954341e-17,4.25810450538239e-17,1.8449757923523124e-14,inf,inf,222.83861336886883,283.97514176368713,222.83861336886883,34.844451634741354,0.15636630971609347,0,0,Multiphase
HeAl_160nM,HeAl,160.0,,6.65,3.01798674263606e-08,7.292680303239764e-07,6.769349669916603e-08,2.243001791321295,7.292680303239764e-07,,0.0,119.5783643698658,244.19644238737123,244.19644238737123,119.5783643698658,71.97817308205654,0.601933079293693,0.00065954868609685,0.3098267441591,-0.0288579629486136,-0.0044066796636019565,0.133709471347,-0.3362717582606,2.2051840553348143e-06,0.0005051305149633,0.0002316887620302,1.3535976298370452e-06,0.0003382353865378,0.0002373304457194,0.00021260333977821,0.0004416289926343,0.0001926270235162,0.0005254503413854612,0.0007224378816934,0.0001307015468235,8.606457485401417e-19,5.4946932027232457e-17,2.866618626715946e-17,3.441722348412031e-15,inf,inf,205.5083173239231,238.0394394397736,205.5083173239231,18.789655365084986,0.09143014555205885,0,0,Multiphase
HeAl_1p25nM,HeAl,1.25,,6.65,2.159735913869423e-07,1.0308190945958616e-06,2.913779418882454e-07,1.349136901493698,1.0308190945958616e-06,,0.0,88.70348247924665,236.3424157113353,236.3424157113353,88.70348247924665,79.68612611597963,0.8983427018733257,0.00021792599595288995,0.5677244260748,-0.2120179646066,-0.007943627788542466,0.1495403670889,0.0451016014809758,-4.923387472796801e-07,0.0004875647302657,-4.9705347105867214e-05,-2.175379392330897e-06,0.0003579203157746,-9.248308401700648e-05,0.00019179333467209833,0.000510201849683,0.0002838873321088,0.004054681969429639,0.0051807854121143,0.0010564870633061,6.426171064261405e-18,9.793841862946394e-17,2.636955968994529e-17,2.5698258085981347e-14,inf,inf,198.14849451363088,236.68913197517395,198.14849451363088,20.80179008421111,0.10498081317887646,0,0,Multiphase
HeAl_20nM,HeAl,20.0,,2.2333333333333334,6.72288245465504e-08,2.0920979040916564e-06,1.9906155508367022e-07,2.960955459601061,2.0920979040916564e-06,,0.0,58.98330739918273,140.63415740900635,140.63415740900635,3.101548151318454,43.13531713305421,0.7313139773788252,0.00420726648071458,0.3091653821462999,-0.1247868339058,-0.05682894645243607,0.2675732151243,-1.5963637789509,1.8785059776683817e-05,0.0016502242747906,0.0016478998339103,8.038897261091203e-06,0.0015206633504518,0.0015206633504518,0.00010847336929916375,0.0005035035987578,0.0003020091696022,0.0004457302633863314,0.0005408684454822,0.00018511659211,2.1573993864916013e-18,9.884201717439563e-17,9.597403322371534e-17,2.9017021748312005e-15,inf,inf,193.6879056436044,215.00258016586304,179.100163936615,11.260326683614919,0.0581364471168091,0,0,Multiphase
HeAl_2p5nM,HeAl,2.5,,6.65,1.8514034521972822e-07,1.1074699158505397e-06,2.6845861308856286e-07,1.450027614294177,1.1074699158505397e-06,,0.0,153.4038441954566,354.9143761658475,354.9143761658475,153.4038441954566,124.78711801736074,0.8134549604791234,0.012440782862301164,0.75581074712,-0.0188633105362657,-0.014095068829266096,0.2213350690581,-0.1056337263411,-4.326826058532577e-07,0.0004881597428832,0.0001036161298172,-6.960538975017686e-06,0.0004797172254476,-0.0002030669611045,0.00011533374478026992,0.0003272644062521,0.0003085628029539,0.0035776450410819303,0.0044402580194612,0.0004945473536798,7.028308045507338e-18,7.120900269619132e-17,2.576361074126754e-17,2.8106203873983883e-14,inf,inf,213.3041031205654,265.9077367782593,213.3041031205654,32.575249428397996,0.1527174065188308,0,0,Multiphase
HeAl_40nM,HeAl,40.0,,2.2333333333333334,7.747157419888636e-08,2.18788517668471e-06,2.671657844991186e-07,3.448565325563748,2.18788517668471e-06,,0.0,57.93321864320088,138.29494680542882,138.29494680542882,57.93321864320088,43.802184793708314,0.7560806359383762,0.008114177205265844,0.9166496247562,0.1718208780202,-0.021016857566455965,0.1665466463362,-0.5880896443425,-2.0371147917919265e-05,0.0002845415844835,-0.0009179377712992,1.0565149231191899e-05,0.0015121480783283,0.0005039443268355,0.00013412302092819528,0.00043251344471,0.0002948589968223,0.0005275445536536565,0.0006242467739448,0.0001700514193359,4.1262605499671895e-18,8.795952889601249e-16,1.101159627324004e-16,5.558072960805803e-15,inf,inf,193.34800293357284,214.3261566162109,193.34800293357284,11.43441020062119,0.05913901373240264,0,0,Multiphase
HeAl_5nM,HeAl,5.0,,6.65,6.525439679758667e-08,6.958555164233068e-07,1.50148056522638e-07,2.300964592292285,6.958555164233068e-07,,0.0,102.57813446906222,231.5427295967731,231.5427295967731,6.379790490103126,75.3190338837744,0.7342601254509145,-0.009522054944504301,0.4271591989236,-0.0010449438852017,-0.01605817656236694,0.1661554125141,0.0088683928189272,-5.48829199388187e-06,0.0004425443571927,2.531887595820104e-05,2.4614033796996987e-06,0.0005697050713029,1.4242961117411224e-05,0.00019154093699188705,0.0004446378151384,0.0004446378151384,0.0013357657763074574,0.0015615388636627,0.0,3.630268011196721e-18,9.328009555624188e-17,4.8984124901714134e-18,1.4517441776775693e-14,inf,inf,203.70502687990665,237.370792388916,178.59277892112732,19.661775625979026,0.096520817022206,0,0,Multiphase
HeAl_80nM,HeAl,80.0,,6.65,2.6692399950857093e-06,3.5241916643511704e-06,1.0037700543183464e-06,0.376050881961296,3.5241916643511704e-06,,0.0,201.79250853377096,432.85484587416886,432.85484587416886,201.79250853377096,135.0332604876581,0.6691688480846634,0.38469438579203835,2.7074559155843,1.4376262194499,-0.6498655959757572,1.6977169552696,-0.4394121956794999,0.0001187897851189012,0.002729323852408,0.0011575897776378,-0.0007420489651663685,0.001592540817119,-0.0009591731597544,0.000344641536563023,0.000425928085081,0.0003571060658039,0.026802620880320857,0.0640449640343158,0.0535700285308556,1.2549569326449734e-16,1.95164772657454e-16,1.947845832818082e-16,5.018572773647252e-13,inf,inf,229.10051361382008,289.4185447692871,229.10051361382008,35.24996979979407,0.1538624651850963,1,1,Multiphase
NaGr_10nM,NaGr,10.0,,6.665,8.131308767950934e-08,1.1180485679665455e-06,1.4171761431748084e-07,1.7428635212581314,1.1180485679665455e-06,0.0,1.6737015525825278e-07,205.40199240557502,466.9465419191256,466.2363329195581,8.332148740805295,157.23527634778472,0.7655002490789716,-0.0022061704270425696,0.0917655240154385,0.0917655240154385,-0.00013745626273258918,0.3858831025736,0.3858831025736,9.378046826022019e-06,0.0002383135539205,0.0002383135539205,-1.193425744889845e-06,1.98557210711724e-05,1.3464463542087729e-05,0.00020115545630011578,0.0005077276699127,0.0003272273595948,0.0003708309887826964,0.0004806823561431,0.0,5.837928027553324e-19,2.334813087219756e-17,2.334813087219756e-17,5.832090099525771e-16,inf,inf,231.09237238955498,299.3676805496216,179.6479651927948,41.04572993872327,0.17761611737462293,0,0,Multiphase
NaGr_160nM,NaGr,160.0,,6.665,5.1490775184851724e-08,5.37352933502972e-07,7.549676969986125e-08,1.466219326254617,5.37352933502972e-07,0.0033333333333334,8.038060265626818e-08,200.3744347725994,406.0729968768139,405.9012364341306,6.127049778088772,133.59359443283066,0.6667197568614137,0.006423026951549769,0.1006365669174999,0.0234809381510763,0.007611063868521127,0.5851598835374,0.5851598835374,-8.241259027001955e-06,1.87534433103936e-05,-0.0001998799543072,-5.354996131120154e-06,0.000253683153598,0.000253683153598,0.00023090328253903413,0.0003767262356701,0.0002640190791768,0.00023929083426365715,0.0003054115888569,0.0,1.7217261715226232e-19,8.284734969939574e-18,8.284734969939574e-18,1.720004445351099e-16,inf,inf,227.4724923083782,281.1693968772888,176.76487827301025,34.87414991089276,0.15331150398446786,0,0,Multiphase
NaGr_1p25nM,NaGr,1.25,,6.665,8.406613226213576e-08,4.838724713070705e-07,1.2365573048979575e-07,1.4709339797412275,4.838724713070705e-07,0.46333333333333326,7.688267101400848e-08,128.29734676678174,276.5842776173976,275.63558388921405,10.482542684775884,93.9068950331771,0.7319472880751039,0.004190052338938106,0.1675136268652,0.0625951744554163,0.009913396538924446,0.4334438233146,0.067161765004369,1.1965825447083922e-06,0.000106153571497,2.9264856256579274e-05,3.963745460238558e-06,0.0003462327148794,-1.867142394509197e-05,0.00017259520560555395,0.0004578290826242,0.0002843086249479,0.0007266234994330451,0.0010068562206118,0.0003064176810273,1.1388432844040313e-18,1.0971022026289637e-17,5.793109737837242e-18,2.276547725523658e-15,inf,inf,209.09953377574683,247.80932879447937,178.34438300132751,24.51407306583159,0.1172363831864026,0,0,Multiphase
NaGr_20nM,NaGr,20.0,,6.665,8.189616516926573e-08,1.021527316880128e-06,1.7699913220397526e-07,2.161262762891859,1.021527316880128e-06,0.065,1.5953545031080272e-07,190.40069855969247,414.3384998770493,414.10933190713945,3.575586770526116,131.7130807054857,0.6917678438253858,0.0033287247852300294,0.2097227285346,0.0841996740616385,0.002824315597305225,0.1692042386457,0.0693283759444437,-2.5004949381190336e-06,8.757860918200095e-05,-0.0001415311737804,6.231707524195185e-06,0.0003206697249549,5.5665634666305895e-05,0.00016954892107996626,0.0004512780559281,0.0003056573695851,0.00040413896232998253,0.000487082735541,0.0002631870406832,8.5865106727953e-19,2.2338819671124905e-17,2.2338819671124905e-17,8.577924162122503e-16,inf,inf,224.85409402912856,283.31228947639465,176.0840389728546,34.383248248164485,0.15291359668866128,0,0,Multiphase
NaGr_2p5nM,NaGr,2.5,,6.665,6.208913909851739e-08,3.225861726257002e-07,6.365604601336526e-08,1.0252364090982424,3.225861726257002e-07,0.2433333333333334,6.057732738039988e-08,51.35018722295662,119.64689210756735,119.35698665236376,13.124746593009109,36.89616533780078,0.718520561134507,0.0024805167477184834,0.092619104348256,-0.0326280350734678,0.012325213294545402,0.0843961318871828,0.0524576275504859,-6.13698519001021e-06,4.585678954541122e-05,-9.439940711446058e-06,1.4130307969496213e-06,5.41210546370377e-05,-0.0001708364544708,0.00020803501258146904,0.0004721895318662,0.0001345164999282,0.00047047884583108646,0.0007436967553845,0.0004731038945096,3.146838306661239e-19,1.1501920833246337e-17,1.1501920833246337e-17,6.290529775015802e-16,inf,inf,190.8463496773839,208.67497038841248,180.8677294254303,9.631617493266091,0.05046791573193752,0,0,Multiphase
NaGr_40nM,NaGr,40.0,,6.665,8.279703397566457e-08,1.3584497744282195e-06,1.7976198605778977e-07,2.17111625170806,1.3584497744282195e-06,0.024999999999999994,2.1160551565371997e-07,214.18694069549727,444.0153693000605,443.8829628242327,2.6017429997492663,145.07469819463208,0.6773274678818076,0.011644939042054235,0.5803438006422,0.5803438006422,0.0004224085004136349,0.9909575579269,0.4867344624884,-5.4345868714734736e-06,0.0009501532946209,-0.0002349821294877,-3.958158384680984e-06,0.0002725207507351,-0.0005700618967295,0.00019633546471269157,0.0004414281730684,0.0001634361350555,0.00039356749162754206,0.000490994606787,0.0002613215954302,2.602956830778508e-18,1.3817230437325096e-16,1.3817230437325096e-16,2.600353873947723e-15,inf,inf,230.70488525408507,290.700808763504,175.47129464149475,37.871252694386534,0.1641545329769559,0,0,Multiphase
NaGr_5nM,NaGr,5.0,,6.665,1.1862560184343576e-07,9.772321867229464e-07,1.5814355698637402e-07,1.3331317567947498,9.772321867229464e-07,0.07833333333333337,1.4541941532598477e-07,114.85553612536768,280.150003291585,279.83460621279073,4.5397703749628135,89.49124703694207,0.7791635480179218,-0.007037332683939018,0.1251123920614,0.0217821611019002,-0.002447880776108351,0.0436733137487439,0.0436733137487439,2.3196613489768394e-06,0.0001675144648553,-4.5976171653342014e-05,-9.641815018404018e-06,1.2627643286168972e-05,-7.655186419283403e-05,0.00023120290587692665,0.00046079337149,0.00046079337149,0.00046980906187397335,0.0007051784643292,0.0,9.322520271206527e-19,2.666325845912728e-17,8.995246621659703e-18,9.31319775093532e-16,inf,inf,207.3725318275094,250.52208590507507,178.57497930526733,23.361383291833075,0.11265418368554647,0,0,Multiphase
NaGr_80nM,NaGr,80.0,,6.665,5.3333263451031776e-08,4.577923817379272e-07,9.525366496752198e-08,1.7860085583358245,4.577923817379272e-07,0.08666666666666667,6.707251889785706e-08,240.60972797401527,505.0467338964276,505.0467338964276,3.719029783184162,162.60130830987706,0.6757885879303984,0.0030721982974585417,0.0573305231441627,-0.0095141280244219,-0.0004920925328732555,0.0106425438620793,0.0055682195902383,3.2708042478599654e-06,6.075922400969373e-05,-1.8665362754728168e-06,-1.971919553387228e-06,6.836683110116112e-06,-5.447790178679396e-06,0.0002046623088035658,0.000512619266208,0.0004994905116894,0.00025924525683619637,0.000316932826835,0.0,1.7885972632411525e-19,2.705185379433755e-18,1.6800129617004773e-18,1.7868086659779124e-16,inf,inf,239.41968470746278,308.4500586986542,177.58017992973328,42.44651418939881,0.1772891574945581,0,0,Multiphase
AdPa_10nM,AdPa,10.0,,36.05,1.8462853977862093e-09,2.816065137814929e-08,2.9795948027519446e-09,1.6138321877671953,2.816065137814929e-08,0.45,7.885293573644355e-10,294.6380333736262,430.6109884280471,365.4085691372674,7.208493389734023,125.26663557899884,0.4251543296861137,8.684477261396492e-05,0.001783432253037,0.0004198517237575,0.0005646185865959896,0.012871592666995,0.012871592666995,2.6028123984601354e-07,1.758448020458799e-05,1.0124416052566183e-05,-1.5531668803799495e-07,2.23244272986517e-06,-5.475624499006369e-06,0.00027839959778681536,0.0004159144177424,0.000237655157245,0.00018459934582054592,0.000235378423056,3.044391882010356e-05,3.4895501812879234e-22,2.8081538753505343e-20,2.8081538753505343e-20,8.374920435091012e-20,5.539115720179609e-32,5.539115720179609e-32,259.0007927248046,294.496066570282,183.9682965278625,32.700425844232086,0.12625608400734578,0,0,Slow-Sustained
AdPa_160nM,AdPa,160.0,,36.05,1.0282654232232353e-09,1.884896140142532e-08,2.0670524227839626e-09,2.0102323545067877,1.884896140142532e-08,0.0,5.175871261103379e-10,392.373498565714,697.6632893911119,685.711448831777,1.2914720858735365,235.37678272963393,0.59987940977164,-1.6770125839564365e-05,0.0006123735375997,-0.0064289343710093,0.00044841988468644376,0.0027208006883964,0.0027208006883964,-1.0710128615423115e-07,8.73431797071345e-08,-7.1078764768699375e-06,5.570623208593077e-09,2.272386189662495e-07,-1.4613872435621072e-07,0.00022730492476936732,0.00042632027877,0.0002377472459829,9.859987788843645e-05,0.0001256946934924,1.0178439156769672e-05,1.6743383850685611e-22,1.257111664490291e-20,1.257111664490291e-20,4.0184121241645493e-20,4.8316765468666177e-32,4.8316765468666177e-32,279.4303768524155,359.1252303123474,177.33975434303284,61.444302335798376,0.21989127677500472,0,0,Slow-Sustained
AdPa_1p25nM,AdPa,1.25,,36.05,1.457593174442442e-09,3.1023126362303626e-08,3.463927195627076e-09,2.3764705106773683,3.1023126362303626e-08,0.39999999999999997,8.522959251648233e-10,170.9867987773984,254.1098325848456,173.7796147250346,7.178264384767964,64.04624325285414,0.37456835095341867,2.7058854212781595e-05,0.0048317443452681,0.0048317443452681,0.00014595602779948408,0.0070495721995274,0.0023241373585883,1.104722390633712e-07,5.51133891053857e-06,5.51133891053857e-06,1.3327586890148155e-07,5.014926528339727e-06,-1.2330610451888715e-06,0.00014898546834445572,0.0004083546086651,0.0002367380053474,0.00015033728511324276,0.000185138648217,2.50766907736776e-05,5.441797348894983e-22,3.434512893071289e-20,3.434512893071289e-20,1.9590470456021929e-19,inf,inf,227.3243707586222,249.0233538150788,184.5627143383026,16.719052271271547,0.07354711778361937,0,0,Slow-Sustained
AdPa_20nM,AdPa,20.0,,36.05,1.2715809811672367e-09,2.8100104938855812e-08,3.2917104963252945e-09,2.5886754717766363,2.8100104938855812e-08,0.75,7.88668165830036e-10,445.314999852452,658.2489576841434,634.7587886758863,10.053664909382276,202.84702466548038,0.4555135684463593,5.362417923745738e-05,0.0057513092510617,0.0013042454171252,0.00016706932427098045,0.012937381891058,0.00960688254532,-2.0675899378458587e-07,2.148506287278371e-07,-1.0917834604315457e-05,3.7309857574324925e-08,2.1895714246749653e-06,-1.6762554116373922e-06,0.00029241392226603475,0.0004036772858069,0.0002352781640818,0.00013909641650360102,0.0001594163149119,3.191946915295151e-05,3.940210949508452e-22,2.852874281757261e-20,2.852874281757261e-20,9.45650627882028e-20,4.523456039237648e-32,4.523456039237648e-32,298.8830682696882,354.46874809265137,185.2595887184143,52.9525204946806,0.177168016914563,0,0,Slow-Sustained
AdPa_2p5nM,AdPa,2.5,,36.05,1.3564842107653786e-09,2.951134939444032e-08,2.4582447232811198e-09,1.8122177197286262,2.951134939444032e-08,0.30000000000000004,8.182412099307403e-10,176.24335748161218,265.71708732982165,193.62886731368656,2.8941089341171704,67.94402120580118,0.385512521871299,-1.7445288219302045e-05,0.0008374185704746,-0.0038603231559886,0.00024675750845671955,0.0066895021432881,0.0066895021432881,-3.215068237631975e-08,2.7126595547421774e-06,2.7126595547421774e-06,-4.0439022252874615e-08,5.140959873587482e-07,-1.7465696290349884e-06,0.00028561018840752585,0.0004538686613633,0.0002471544715858,0.00011766541857886123,0.0001711756002588,1.593612867299777e-05,2.1226881827820255e-22,2.851485627744012e-20,2.851485627744012e-20,5.0944516386768643e-20,4.3660786115397736e-32,4.3660786115397736e-32,227.77968676938232,251.13649725914,182.52745962142944,17.736553845561303,0.07786714477098584,0,0,Slow-Sustained
AdPa_40nM,AdPa,40.0,,36.05,7.845036084748978e-10,2.0474168413356326e-08,2.3180473515846244e-09,2.9547950150171887,2.0474168413356326e-08,0.44999999999999996,5.693554395733193e-10,486.59647158530817,718.2125912279494,702.1061338747212,2.200856599792253,224.65920760794947,0.46169510205452263,1.977620141032703e-05,0.0007009261303291,-0.0046042594048783,0.00017751143030044853,0.0022448507557204,-0.0132756055661882,-5.34470974560508e-08,4.024574264718214e-06,4.024574264718214e-06,-5.0163544467515956e-08,5.305931063702936e-07,-5.178318423363048e-06,0.00026036052558783433,0.0004020499462164,0.0002211692309739,8.568222452854319e-05,9.733262413032785e-05,1.1056050943212407e-05,1.9589628569841795e-22,1.713930165778152e-20,1.713930165778152e-20,4.70151085676203e-20,4.1607486350493957e-32,4.1607486350493957e-32,309.49377646483697,369.9563705921173,183.0439615249633,58.64651608667695,0.18949174602656363,0,0,Slow-Sustained
AdPa_5nM,AdPa,5.0,,36.05,2.169988661440496e-09,2.9358856328979152e-08,2.7966716748040543e-09,1.2887955243727172,2.9358856328979152e-08,0.14999999999999997,8.229275035957985e-10,246.7439869724788,365.5086185767807,291.1571349299352,10.628189534190923,98.43297153491815,0.3989275391983397,1.7331768819357122e-07,0.0010182888884785,-0.0026891301890848,0.0006154989875752646,0.010221109745671,0.010221109745671,3.953511515253621e-07,2.2761943555157348e-05,2.2761943555157348e-05,4.106198880435362e-08,9.566071256868784e-06,9.566071256868784e-06,0.0002278160198111718,0.000412184817244,0.0002528530349232,0.00019406685364126554,0.0002723951830155,2.70548315634944e-05,4.122420617044989e-22,2.6963230327715968e-20,2.6963230327715968e-20,9.893809480907984e-20,3.6504647989255206e-32,3.6504647989255206e-32,248.11821238642509,279.12131237983704,186.4809927940369,25.695589822679153,0.10356188518181102,0,0,Slow-Sustained
AdPa_80nM,AdPa,80.0,,36.05,1.0752966171118642e-09,1.9590929670549054e-08,2.1720747842455567e-09,2.0199773250282567,1.9590929670549054e-08,0.44999999999999996,5.433774316873997e-10,513.8497094786214,785.797966322949,761.9713939178656,1.1013000620944524,252.01821433773088,0.49045121499327426,-4.509161347342519e-05,0.0014911526818327,0.0014911526818327,0.00017735971458927117,0.0019900326095375,0.0019900326095375,2.024486293592877e-07,8.652893839208091e-06,8.652893839208091e-06,-1.4392809068584788e-08,4.0274517093492186e-07,-4.071018475111365e-06,0.0003045374772627065,0.0004250722536545,0.0002364270276962,0.00011183809288950298,0.0001351996275413,1.0579102022096488e-05,1.5439468381279652e-22,1.3732380926401346e-20,1.3732380926401346e-20,3.705472411507119e-20,5.255828328710669e-32,5.255828328710669e-32,313.53276572145927,384.5239260196686,179.68155097961426,65.78849101562628,0.20982971545013065,0,0,Slow-Sustained
